target,threshold,tp,fp,fn,tn,tpr_recall,fpr,precision,specificity
strict_PLP_to_BLB_or_VUS,inf,0,0,17,1652,0.0,0.0,,1.0
strict_PLP_to_BLB_or_VUS,87.65005613154666,0,1,17,1651,0.0,0.0006053268765133172,0.0,0.9993946731234867
strict_PLP_to_BLB_or_VUS,86.69085292724905,0,2,17,1650,0.0,0.0012106537530266344,0.0,0.9987893462469734
strict_PLP_to_BLB_or_VUS,86.01207520205661,0,3,17,1649,0.0,0.0018159806295399517,0.0,0.9981840193704601
strict_PLP_to_BLB_or_VUS,80.48671594150228,0,4,17,1648,0.0,0.002421307506053269,0.0,0.9975786924939467
strict_PLP_to_BLB_or_VUS,80.01365119586032,0,5,17,1647,0.0,0.003026634382566586,0.0,0.9969733656174334
strict_PLP_to_BLB_or_VUS,76.37241964346178,0,6,17,1646,0.0,0.0036319612590799033,0.0,0.9963680387409201
strict_PLP_to_BLB_or_VUS,75.38399567455927,0,7,17,1645,0.0,0.00423728813559322,0.0,0.9957627118644068
strict_PLP_to_BLB_or_VUS,72.10266409696413,0,8,17,1644,0.0,0.004842615012106538,0.0,0.9951573849878934
strict_PLP_to_BLB_or_VUS,69.59334625891111,0,9,17,1643,0.0,0.005447941888619854,0.0,0.9945520581113801
strict_PLP_to_BLB_or_VUS,67.2001927450959,0,10,17,1642,0.0,0.006053268765133172,0.0,0.9939467312348669
strict_PLP_to_BLB_or_VUS,66.81269359406346,0,11,17,1641,0.0,0.006658595641646489,0.0,0.9933414043583535
strict_PLP_to_BLB_or_VUS,65.0628497371807,0,12,17,1640,0.0,0.007263922518159807,0.0,0.9927360774818402
strict_PLP_to_BLB_or_VUS,64.85835616569932,0,13,17,1639,0.0,0.007869249394673124,0.0,0.9921307506053268
strict_PLP_to_BLB_or_VUS,63.742152607365824,0,14,17,1638,0.0,0.00847457627118644,0.0,0.9915254237288136
strict_PLP_to_BLB_or_VUS,63.03658400234539,0,15,17,1637,0.0,0.009079903147699757,0.0,0.9909200968523002
strict_PLP_to_BLB_or_VUS,62.438664044160014,0,16,17,1636,0.0,0.009685230024213076,0.0,0.9903147699757869
strict_PLP_to_BLB_or_VUS,60.895048587790285,0,17,17,1635,0.0,0.010290556900726392,0.0,0.9897094430992736
strict_PLP_to_BLB_or_VUS,58.83672379966164,0,18,17,1634,0.0,0.010895883777239709,0.0,0.9891041162227603
strict_PLP_to_BLB_or_VUS,58.61679834636927,0,19,17,1633,0.0,0.011501210653753027,0.0,0.988498789346247
strict_PLP_to_BLB_or_VUS,58.0092225759628,0,20,17,1632,0.0,0.012106537530266344,0.0,0.9878934624697336
strict_PLP_to_BLB_or_VUS,57.87935045796935,0,21,17,1631,0.0,0.012711864406779662,0.0,0.9872881355932204
strict_PLP_to_BLB_or_VUS,57.46678199568492,0,22,17,1630,0.0,0.013317191283292978,0.0,0.986682808716707
strict_PLP_to_BLB_or_VUS,57.44066872136092,0,23,17,1629,0.0,0.013922518159806295,0.0,0.9860774818401937
strict_PLP_to_BLB_or_VUS,56.4117335110766,0,24,17,1628,0.0,0.014527845036319613,0.0,0.9854721549636803
strict_PLP_to_BLB_or_VUS,54.84486592853864,0,25,17,1627,0.0,0.01513317191283293,0.0,0.9848668280871671
strict_PLP_to_BLB_or_VUS,54.50838957067175,0,26,17,1626,0.0,0.015738498789346248,0.0,0.9842615012106537
strict_PLP_to_BLB_or_VUS,54.50134388384512,0,27,17,1625,0.0,0.016343825665859565,0.0,0.9836561743341404
strict_PLP_to_BLB_or_VUS,53.85245422137459,0,28,17,1624,0.0,0.01694915254237288,0.0,0.9830508474576272
strict_PLP_to_BLB_or_VUS,53.691392021326095,0,29,17,1623,0.0,0.017554479418886198,0.0,0.9824455205811138
strict_PLP_to_BLB_or_VUS,53.3500050426094,0,30,17,1622,0.0,0.018159806295399514,0.0,0.9818401937046005
strict_PLP_to_BLB_or_VUS,52.57929038687696,0,31,17,1621,0.0,0.018765133171912834,0.0,0.9812348668280871
strict_PLP_to_BLB_or_VUS,52.57395626298693,0,32,17,1620,0.0,0.01937046004842615,0.0,0.9806295399515739
strict_PLP_to_BLB_or_VUS,52.57356725795106,0,33,17,1619,0.0,0.019975786924939468,0.0,0.9800242130750605
strict_PLP_to_BLB_or_VUS,51.52470947548703,0,34,17,1618,0.0,0.020581113801452784,0.0,0.9794188861985472
strict_PLP_to_BLB_or_VUS,51.111510007796014,0,35,17,1617,0.0,0.0211864406779661,0.0,0.9788135593220338
strict_PLP_to_BLB_or_VUS,50.61219558996749,0,36,17,1616,0.0,0.021791767554479417,0.0,0.9782082324455206
strict_PLP_to_BLB_or_VUS,50.52368926917767,0,37,17,1615,0.0,0.022397094430992737,0.0,0.9776029055690073
strict_PLP_to_BLB_or_VUS,50.42197329831248,0,38,17,1614,0.0,0.023002421307506054,0.0,0.9769975786924939
strict_PLP_to_BLB_or_VUS,50.34518790853698,0,39,17,1613,0.0,0.02360774818401937,0.0,0.9763922518159807
strict_PLP_to_BLB_or_VUS,50.22341681708722,0,40,17,1612,0.0,0.024213075060532687,0.0,0.9757869249394673
strict_PLP_to_BLB_or_VUS,49.346490450498806,0,41,17,1611,0.0,0.024818401937046004,0.0,0.975181598062954
strict_PLP_to_BLB_or_VUS,49.11929053183782,0,42,17,1610,0.0,0.025423728813559324,0.0,0.9745762711864406
strict_PLP_to_BLB_or_VUS,49.01772138961928,0,43,17,1609,0.0,0.02602905569007264,0.0,0.9739709443099274
strict_PLP_to_BLB_or_VUS,48.97993513752187,0,44,17,1608,0.0,0.026634382566585957,0.0,0.9733656174334141
strict_PLP_to_BLB_or_VUS,48.75025377678588,0,45,17,1607,0.0,0.027239709443099273,0.0,0.9727602905569007
strict_PLP_to_BLB_or_VUS,48.59321865895944,0,46,17,1606,0.0,0.02784503631961259,0.0,0.9721549636803875
strict_PLP_to_BLB_or_VUS,48.47544998950107,0,47,17,1605,0.0,0.028450363196125907,0.0,0.9715496368038741
strict_PLP_to_BLB_or_VUS,48.26734486685463,0,48,17,1604,0.0,0.029055690072639227,0.0,0.9709443099273608
strict_PLP_to_BLB_or_VUS,48.17809956662177,0,49,17,1603,0.0,0.029661016949152543,0.0,0.9703389830508474
strict_PLP_to_BLB_or_VUS,48.018668358206,0,50,17,1602,0.0,0.03026634382566586,0.0,0.9697336561743342
strict_PLP_to_BLB_or_VUS,47.79212637910659,0,51,17,1601,0.0,0.030871670702179176,0.0,0.9691283292978208
strict_PLP_to_BLB_or_VUS,47.13599004542027,0,52,17,1600,0.0,0.031476997578692496,0.0,0.9685230024213075
strict_PLP_to_BLB_or_VUS,46.94660184855132,0,53,17,1599,0.0,0.03208232445520581,0.0,0.9679176755447942
strict_PLP_to_BLB_or_VUS,46.77405471784748,0,54,17,1598,0.0,0.03268765133171913,0.0,0.9673123486682809
strict_PLP_to_BLB_or_VUS,46.74456977763202,0,55,17,1597,0.0,0.033292978208232446,0.0,0.9667070217917676
strict_PLP_to_BLB_or_VUS,46.65520431681799,0,56,17,1596,0.0,0.03389830508474576,0.0,0.9661016949152542
strict_PLP_to_BLB_or_VUS,46.17085366568092,0,57,17,1595,0.0,0.03450363196125908,0.0,0.965496368038741
strict_PLP_to_BLB_or_VUS,46.05975426774471,0,58,17,1594,0.0,0.035108958837772396,0.0,0.9648910411622276
strict_PLP_to_BLB_or_VUS,46.01352298524917,0,59,17,1593,0.0,0.03571428571428571,0.0,0.9642857142857143
strict_PLP_to_BLB_or_VUS,45.94744193967226,0,60,17,1592,0.0,0.03631961259079903,0.0,0.9636803874092009
strict_PLP_to_BLB_or_VUS,45.90363346705857,0,61,17,1591,0.0,0.036924939467312345,0.0,0.9630750605326877
strict_PLP_to_BLB_or_VUS,45.85289376713097,0,62,17,1590,0.0,0.03753026634382567,0.0,0.9624697336561744
strict_PLP_to_BLB_or_VUS,45.76576162887114,0,63,17,1589,0.0,0.038135593220338986,0.0,0.961864406779661
strict_PLP_to_BLB_or_VUS,45.69771878689819,0,64,17,1588,0.0,0.0387409200968523,0.0,0.9612590799031477
strict_PLP_to_BLB_or_VUS,45.18505518439299,0,65,17,1587,0.0,0.03934624697336562,0.0,0.9606537530266344
strict_PLP_to_BLB_or_VUS,45.0562737214618,0,66,17,1586,0.0,0.039951573849878935,0.0,0.9600484261501211
strict_PLP_to_BLB_or_VUS,45.04134521382273,0,67,17,1585,0.0,0.04055690072639225,0.0,0.9594430992736077
strict_PLP_to_BLB_or_VUS,44.90378178519544,0,68,17,1584,0.0,0.04116222760290557,0.0,0.9588377723970944
strict_PLP_to_BLB_or_VUS,44.49080788324535,0,69,17,1583,0.0,0.041767554479418885,0.0,0.9582324455205811
strict_PLP_to_BLB_or_VUS,44.3772595620402,0,70,17,1582,0.0,0.0423728813559322,0.0,0.9576271186440678
strict_PLP_to_BLB_or_VUS,44.2714077817822,0,71,17,1581,0.0,0.04297820823244552,0.0,0.9570217917675545
strict_PLP_to_BLB_or_VUS,44.18907108080799,0,72,17,1580,0.0,0.043583535108958835,0.0,0.9564164648910412
strict_PLP_to_BLB_or_VUS,43.76248955926773,0,73,17,1579,0.0,0.04418886198547216,0.0,0.9558111380145279
strict_PLP_to_BLB_or_VUS,43.574994388463146,0,74,17,1578,0.0,0.044794188861985475,0.0,0.9552058111380145
strict_PLP_to_BLB_or_VUS,43.525539693098885,0,75,17,1577,0.0,0.04539951573849879,0.0,0.9546004842615012
strict_PLP_to_BLB_or_VUS,43.24715067993314,0,76,17,1576,0.0,0.04600484261501211,0.0,0.9539951573849879
strict_PLP_to_BLB_or_VUS,42.65565944423318,0,77,17,1575,0.0,0.046610169491525424,0.0,0.9533898305084746
strict_PLP_to_BLB_or_VUS,42.62829260031818,0,78,17,1574,0.0,0.04721549636803874,0.0,0.9527845036319612
strict_PLP_to_BLB_or_VUS,42.42146788467246,0,79,17,1573,0.0,0.04782082324455206,0.0,0.9521791767554479
strict_PLP_to_BLB_or_VUS,42.381605963562464,0,80,17,1572,0.0,0.048426150121065374,0.0,0.9515738498789347
strict_PLP_to_BLB_or_VUS,42.35087324201884,0,81,17,1571,0.0,0.04903147699757869,0.0,0.9509685230024213
strict_PLP_to_BLB_or_VUS,42.267892068898696,0,82,17,1570,0.0,0.04963680387409201,0.0,0.950363196125908
strict_PLP_to_BLB_or_VUS,42.23342259129812,0,83,17,1569,0.0,0.050242130750605324,0.0,0.9497578692493946
strict_PLP_to_BLB_or_VUS,42.12670776073579,0,84,17,1568,0.0,0.05084745762711865,0.0,0.9491525423728814
strict_PLP_to_BLB_or_VUS,41.87088064426257,0,85,17,1567,0.0,0.051452784503631964,0.0,0.948547215496368
strict_PLP_to_BLB_or_VUS,41.84715310882466,0,86,17,1566,0.0,0.05205811138014528,0.0,0.9479418886198547
strict_PLP_to_BLB_or_VUS,41.75591038457602,0,87,17,1565,0.0,0.0526634382566586,0.0,0.9473365617433414
strict_PLP_to_BLB_or_VUS,41.64466771027238,0,88,17,1564,0.0,0.053268765133171914,0.0,0.9467312348668281
strict_PLP_to_BLB_or_VUS,41.56647885674529,0,89,17,1563,0.0,0.05387409200968523,0.0,0.9461259079903148
strict_PLP_to_BLB_or_VUS,41.388463000854415,0,90,17,1562,0.0,0.05447941888619855,0.0,0.9455205811138014
strict_PLP_to_BLB_or_VUS,41.35785361474359,0,91,17,1561,0.0,0.05508474576271186,0.0,0.9449152542372882
strict_PLP_to_BLB_or_VUS,41.28254502332071,0,92,17,1560,0.0,0.05569007263922518,0.0,0.9443099273607748
strict_PLP_to_BLB_or_VUS,40.89751244640756,0,93,17,1559,0.0,0.056295399515738496,0.0,0.9437046004842615
strict_PLP_to_BLB_or_VUS,40.592725672767344,0,94,17,1558,0.0,0.05690072639225181,0.0,0.9430992736077481
strict_PLP_to_BLB_or_VUS,40.25062655574517,0,95,17,1557,0.0,0.05750605326876514,0.0,0.9424939467312349
strict_PLP_to_BLB_or_VUS,40.19211089275856,0,96,17,1556,0.0,0.05811138014527845,0.0,0.9418886198547215
strict_PLP_to_BLB_or_VUS,40.019454121549,0,97,17,1555,0.0,0.05871670702179177,0.0,0.9412832929782082
strict_PLP_to_BLB_or_VUS,39.85145549893755,0,98,17,1554,0.0,0.059322033898305086,0.0,0.940677966101695
strict_PLP_to_BLB_or_VUS,39.84734302800234,0,99,17,1553,0.0,0.0599273607748184,0.0,0.9400726392251816
strict_PLP_to_BLB_or_VUS,39.84660813347927,0,100,17,1552,0.0,0.06053268765133172,0.0,0.9394673123486683
strict_PLP_to_BLB_or_VUS,39.3960321884829,0,101,17,1551,0.0,0.061138014527845036,0.0,0.9388619854721549
strict_PLP_to_BLB_or_VUS,39.29210866581224,0,102,17,1550,0.0,0.06174334140435835,0.0,0.9382566585956417
strict_PLP_to_BLB_or_VUS,39.14954653031581,0,103,17,1549,0.0,0.06234866828087167,0.0,0.9376513317191283
strict_PLP_to_BLB_or_VUS,39.00294438999165,0,104,17,1548,0.0,0.06295399515738499,0.0,0.937046004842615
strict_PLP_to_BLB_or_VUS,38.81432719879302,0,105,17,1547,0.0,0.0635593220338983,0.0,0.9364406779661016
strict_PLP_to_BLB_or_VUS,38.76441346006729,0,106,17,1546,0.0,0.06416464891041163,0.0,0.9358353510895884
strict_PLP_to_BLB_or_VUS,38.73029205805557,0,107,17,1545,0.0,0.06476997578692494,0.0,0.9352300242130751
strict_PLP_to_BLB_or_VUS,38.73012721665877,0,108,17,1544,0.0,0.06537530266343826,0.0,0.9346246973365617
strict_PLP_to_BLB_or_VUS,38.593664178445394,0,109,17,1543,0.0,0.06598062953995157,0.0,0.9340193704600485
strict_PLP_to_BLB_or_VUS,38.47361261911225,1,109,16,1543,0.058823529411764705,0.06598062953995157,0.00909090909090909,0.9340193704600485
strict_PLP_to_BLB_or_VUS,38.35959651065921,1,110,16,1542,0.058823529411764705,0.06658595641646489,0.009009009009009009,0.9334140435835351
strict_PLP_to_BLB_or_VUS,38.34939553259319,1,111,16,1541,0.058823529411764705,0.0671912832929782,0.008928571428571428,0.9328087167070218
strict_PLP_to_BLB_or_VUS,38.15559741590136,1,112,16,1540,0.058823529411764705,0.06779661016949153,0.008849557522123894,0.9322033898305084
strict_PLP_to_BLB_or_VUS,37.76623789101464,1,113,16,1539,0.058823529411764705,0.06840193704600485,0.008771929824561403,0.9315980629539952
strict_PLP_to_BLB_or_VUS,37.70424464737644,1,114,16,1538,0.058823529411764705,0.06900726392251816,0.008695652173913044,0.9309927360774818
strict_PLP_to_BLB_or_VUS,36.93828128611564,1,115,16,1537,0.058823529411764705,0.06961259079903148,0.008620689655172414,0.9303874092009685
strict_PLP_to_BLB_or_VUS,36.88603883655049,1,116,16,1536,0.058823529411764705,0.07021791767554479,0.008547008547008548,0.9297820823244553
strict_PLP_to_BLB_or_VUS,36.851084758515206,1,117,16,1535,0.058823529411764705,0.07082324455205811,0.00847457627118644,0.9291767554479419
strict_PLP_to_BLB_or_VUS,36.8264304739901,1,118,16,1534,0.058823529411764705,0.07142857142857142,0.008403361344537815,0.9285714285714286
strict_PLP_to_BLB_or_VUS,36.76046609199713,1,119,16,1533,0.058823529411764705,0.07203389830508475,0.008333333333333333,0.9279661016949152
strict_PLP_to_BLB_or_VUS,36.72937854565557,1,120,16,1532,0.058823529411764705,0.07263922518159806,0.008264462809917356,0.927360774818402
strict_PLP_to_BLB_or_VUS,36.72033864659939,1,121,16,1531,0.058823529411764705,0.07324455205811138,0.00819672131147541,0.9267554479418886
strict_PLP_to_BLB_or_VUS,36.7009399249707,1,122,16,1530,0.058823529411764705,0.07384987893462469,0.008130081300813009,0.9261501210653753
strict_PLP_to_BLB_or_VUS,36.35400559231316,2,122,15,1530,0.11764705882352941,0.07384987893462469,0.016129032258064516,0.9261501210653753
strict_PLP_to_BLB_or_VUS,36.17218534662468,2,123,15,1529,0.11764705882352941,0.07445520581113801,0.016,0.9255447941888619
strict_PLP_to_BLB_or_VUS,36.13721110187318,2,124,15,1528,0.11764705882352941,0.07506053268765134,0.015873015873015872,0.9249394673123487
strict_PLP_to_BLB_or_VUS,36.086956742505016,2,125,15,1527,0.11764705882352941,0.07566585956416465,0.015748031496062992,0.9243341404358354
strict_PLP_to_BLB_or_VUS,36.06483586417535,2,126,15,1526,0.11764705882352941,0.07627118644067797,0.015625,0.923728813559322
strict_PLP_to_BLB_or_VUS,35.145572794284504,2,127,15,1525,0.11764705882352941,0.07687651331719128,0.015503875968992248,0.9231234866828087
strict_PLP_to_BLB_or_VUS,34.72228422140768,2,128,15,1524,0.11764705882352941,0.0774818401937046,0.015384615384615385,0.9225181598062954
strict_PLP_to_BLB_or_VUS,34.69935440988432,2,129,15,1523,0.11764705882352941,0.07808716707021791,0.015267175572519083,0.9219128329297821
strict_PLP_to_BLB_or_VUS,34.658949939910414,2,130,15,1522,0.11764705882352941,0.07869249394673124,0.015151515151515152,0.9213075060532687
strict_PLP_to_BLB_or_VUS,34.59482000521827,2,131,15,1521,0.11764705882352941,0.07929782082324455,0.015037593984962405,0.9207021791767555
strict_PLP_to_BLB_or_VUS,34.21872199937656,2,132,15,1520,0.11764705882352941,0.07990314769975787,0.014925373134328358,0.9200968523002422
strict_PLP_to_BLB_or_VUS,33.9726989052714,2,133,15,1519,0.11764705882352941,0.08050847457627118,0.014814814814814815,0.9194915254237288
strict_PLP_to_BLB_or_VUS,33.38950438130763,2,134,15,1518,0.11764705882352941,0.0811138014527845,0.014705882352941176,0.9188861985472155
strict_PLP_to_BLB_or_VUS,33.38768732157206,2,135,15,1517,0.11764705882352941,0.08171912832929783,0.014598540145985401,0.9182808716707022
strict_PLP_to_BLB_or_VUS,33.34592895086219,2,136,15,1516,0.11764705882352941,0.08232445520581114,0.014492753623188406,0.9176755447941889
strict_PLP_to_BLB_or_VUS,33.13367876637215,2,137,15,1515,0.11764705882352941,0.08292978208232446,0.014388489208633094,0.9170702179176755
strict_PLP_to_BLB_or_VUS,33.03187657315101,2,138,15,1514,0.11764705882352941,0.08353510895883777,0.014285714285714285,0.9164648910411622
strict_PLP_to_BLB_or_VUS,32.72190581335208,2,139,15,1513,0.11764705882352941,0.0841404358353511,0.014184397163120567,0.9158595641646489
strict_PLP_to_BLB_or_VUS,32.66816211863309,2,140,15,1512,0.11764705882352941,0.0847457627118644,0.014084507042253521,0.9152542372881356
strict_PLP_to_BLB_or_VUS,32.62587549432631,2,141,15,1511,0.11764705882352941,0.08535108958837773,0.013986013986013986,0.9146489104116223
strict_PLP_to_BLB_or_VUS,32.62200973889554,2,142,15,1510,0.11764705882352941,0.08595641646489104,0.013888888888888888,0.914043583535109
strict_PLP_to_BLB_or_VUS,32.6197642430952,2,143,15,1509,0.11764705882352941,0.08656174334140436,0.013793103448275862,0.9134382566585957
strict_PLP_to_BLB_or_VUS,32.593162794453555,2,144,15,1508,0.11764705882352941,0.08716707021791767,0.0136986301369863,0.9128329297820823
strict_PLP_to_BLB_or_VUS,32.50014436408189,2,145,15,1507,0.11764705882352941,0.08777239709443099,0.013605442176870748,0.912227602905569
strict_PLP_to_BLB_or_VUS,32.494160339872536,2,146,15,1506,0.11764705882352941,0.08837772397094432,0.013513513513513514,0.9116222760290557
strict_PLP_to_BLB_or_VUS,32.41317829154085,2,147,15,1505,0.11764705882352941,0.08898305084745763,0.013422818791946308,0.9110169491525424
strict_PLP_to_BLB_or_VUS,32.09118280314142,2,148,15,1504,0.11764705882352941,0.08958837772397095,0.013333333333333334,0.910411622276029
strict_PLP_to_BLB_or_VUS,31.889336635599356,2,149,15,1503,0.11764705882352941,0.09019370460048426,0.013245033112582781,0.9098062953995157
strict_PLP_to_BLB_or_VUS,31.80265018857825,2,150,15,1502,0.11764705882352941,0.09079903147699758,0.013157894736842105,0.9092009685230025
strict_PLP_to_BLB_or_VUS,31.58645494203427,2,151,15,1501,0.11764705882352941,0.09140435835351089,0.013071895424836602,0.9085956416464891
strict_PLP_to_BLB_or_VUS,31.3520617242457,2,152,15,1500,0.11764705882352941,0.09200968523002422,0.012987012987012988,0.9079903147699758
strict_PLP_to_BLB_or_VUS,31.20885153739119,2,153,15,1499,0.11764705882352941,0.09261501210653753,0.012903225806451613,0.9073849878934624
strict_PLP_to_BLB_or_VUS,31.11212257692224,2,154,15,1498,0.11764705882352941,0.09322033898305085,0.01282051282051282,0.9067796610169492
strict_PLP_to_BLB_or_VUS,30.79372039553212,2,155,15,1497,0.11764705882352941,0.09382566585956416,0.012738853503184714,0.9061743341404358
strict_PLP_to_BLB_or_VUS,30.784253086229924,2,156,15,1496,0.11764705882352941,0.09443099273607748,0.012658227848101266,0.9055690072639225
strict_PLP_to_BLB_or_VUS,30.49557690461753,2,157,15,1495,0.11764705882352941,0.0950363196125908,0.012578616352201259,0.9049636803874092
strict_PLP_to_BLB_or_VUS,30.47159563966459,2,158,15,1494,0.11764705882352941,0.09564164648910412,0.0125,0.9043583535108959
strict_PLP_to_BLB_or_VUS,30.206021546996165,2,159,15,1493,0.11764705882352941,0.09624697336561744,0.012422360248447204,0.9037530266343826
strict_PLP_to_BLB_or_VUS,30.16113280083529,2,160,15,1492,0.11764705882352941,0.09685230024213075,0.012345679012345678,0.9031476997578692
strict_PLP_to_BLB_or_VUS,29.84101868782579,2,161,15,1491,0.11764705882352941,0.09745762711864407,0.012269938650306749,0.902542372881356
strict_PLP_to_BLB_or_VUS,29.72677421570846,2,162,15,1490,0.11764705882352941,0.09806295399515738,0.012195121951219513,0.9019370460048426
strict_PLP_to_BLB_or_VUS,29.72165854035152,2,163,15,1489,0.11764705882352941,0.0986682808716707,0.012121212121212121,0.9013317191283293
strict_PLP_to_BLB_or_VUS,29.372650756106587,2,164,15,1488,0.11764705882352941,0.09927360774818401,0.012048192771084338,0.9007263922518159
strict_PLP_to_BLB_or_VUS,28.96726532501017,2,165,15,1487,0.11764705882352941,0.09987893462469734,0.011976047904191617,0.9001210653753027
strict_PLP_to_BLB_or_VUS,28.726146854172043,2,166,15,1486,0.11764705882352941,0.10048426150121065,0.011904761904761904,0.8995157384987893
strict_PLP_to_BLB_or_VUS,28.380276378611825,2,167,15,1485,0.11764705882352941,0.10108958837772397,0.011834319526627219,0.898910411622276
strict_PLP_to_BLB_or_VUS,28.337721785219152,2,168,15,1484,0.11764705882352941,0.1016949152542373,0.011764705882352941,0.8983050847457628
strict_PLP_to_BLB_or_VUS,28.24337754555096,2,169,15,1483,0.11764705882352941,0.1023002421307506,0.011695906432748537,0.8976997578692494
strict_PLP_to_BLB_or_VUS,27.8574738083988,2,170,15,1482,0.11764705882352941,0.10290556900726393,0.011627906976744186,0.8970944309927361
strict_PLP_to_BLB_or_VUS,27.45657511289576,2,171,15,1481,0.11764705882352941,0.10351089588377724,0.011560693641618497,0.8964891041162227
strict_PLP_to_BLB_or_VUS,27.121044453643453,2,172,15,1480,0.11764705882352941,0.10411622276029056,0.011494252873563218,0.8958837772397095
strict_PLP_to_BLB_or_VUS,27.09110006898996,2,173,15,1479,0.11764705882352941,0.10472154963680387,0.011428571428571429,0.8952784503631961
strict_PLP_to_BLB_or_VUS,27.087163868685213,2,174,15,1478,0.11764705882352941,0.1053268765133172,0.011363636363636364,0.8946731234866828
strict_PLP_to_BLB_or_VUS,26.705369796566423,2,175,15,1477,0.11764705882352941,0.1059322033898305,0.011299435028248588,0.8940677966101694
strict_PLP_to_BLB_or_VUS,26.64638062979012,2,176,15,1476,0.11764705882352941,0.10653753026634383,0.011235955056179775,0.8934624697336562
strict_PLP_to_BLB_or_VUS,26.585088156808343,2,177,15,1475,0.11764705882352941,0.10714285714285714,0.0111731843575419,0.8928571428571429
strict_PLP_to_BLB_or_VUS,26.141016019058497,2,178,15,1474,0.11764705882352941,0.10774818401937046,0.011111111111111112,0.8922518159806295
strict_PLP_to_BLB_or_VUS,26.104119144710968,2,179,15,1473,0.11764705882352941,0.10835351089588378,0.011049723756906077,0.8916464891041163
strict_PLP_to_BLB_or_VUS,25.77752545614076,2,180,15,1472,0.11764705882352941,0.1089588377723971,0.01098901098901099,0.8910411622276029
strict_PLP_to_BLB_or_VUS,24.268506130447257,2,181,15,1471,0.11764705882352941,0.10956416464891042,0.01092896174863388,0.8904358353510896
strict_PLP_to_BLB_or_VUS,23.59063221197529,2,182,15,1470,0.11764705882352941,0.11016949152542373,0.010869565217391304,0.8898305084745762
strict_PLP_to_BLB_or_VUS,23.198627869967087,2,183,15,1469,0.11764705882352941,0.11077481840193705,0.010810810810810811,0.889225181598063
strict_PLP_to_BLB_or_VUS,22.956635106407436,2,184,15,1468,0.11764705882352941,0.11138014527845036,0.010752688172043012,0.8886198547215496
strict_PLP_to_BLB_or_VUS,22.582309459114548,2,185,15,1467,0.11764705882352941,0.11198547215496368,0.0106951871657754,0.8880145278450363
strict_PLP_to_BLB_or_VUS,6.0,2,203,15,1449,0.11764705882352941,0.1228813559322034,0.00975609756097561,0.8771186440677966
strict_PLP_to_BLB_or_VUS,3.0,2,252,15,1400,0.11764705882352941,0.15254237288135594,0.007874015748031496,0.847457627118644
strict_PLP_to_BLB_or_VUS,2.0,2,255,15,1397,0.11764705882352941,0.15435835351089588,0.007782101167315175,0.8456416464891041
strict_PLP_to_BLB_or_VUS,0.0,17,1652,0,0,1.0,1.0,0.01018573996405033,0.0
strict_PLP_to_BLB_or_VUS,-inf,17,1652,0,0,1.0,1.0,0.01018573996405033,0.0
broad_PLP_to_non_PLP_or_missing,inf,0,0,113,1556,0.0,0.0,,1.0
broad_PLP_to_non_PLP_or_missing,87.65005613154666,1,0,112,1556,0.008849557522123894,0.0,1.0,1.0
broad_PLP_to_non_PLP_or_missing,86.69085292724905,1,1,112,1555,0.008849557522123894,0.0006426735218508997,0.5,0.9993573264781491
broad_PLP_to_non_PLP_or_missing,86.01207520205661,1,2,112,1554,0.008849557522123894,0.0012853470437017994,0.3333333333333333,0.9987146529562982
broad_PLP_to_non_PLP_or_missing,80.48671594150228,1,3,112,1553,0.008849557522123894,0.0019280205655526992,0.25,0.9980719794344473
broad_PLP_to_non_PLP_or_missing,80.01365119586032,2,3,111,1553,0.017699115044247787,0.0019280205655526992,0.4,0.9980719794344473
broad_PLP_to_non_PLP_or_missing,76.37241964346178,2,4,111,1552,0.017699115044247787,0.002570694087403599,0.3333333333333333,0.9974293059125964
broad_PLP_to_non_PLP_or_missing,75.38399567455927,2,5,111,1551,0.017699115044247787,0.003213367609254499,0.2857142857142857,0.9967866323907455
broad_PLP_to_non_PLP_or_missing,72.10266409696413,2,6,111,1550,0.017699115044247787,0.0038560411311053984,0.25,0.9961439588688946
broad_PLP_to_non_PLP_or_missing,69.59334625891111,2,7,111,1549,0.017699115044247787,0.004498714652956298,0.2222222222222222,0.9955012853470437
broad_PLP_to_non_PLP_or_missing,67.2001927450959,2,8,111,1548,0.017699115044247787,0.005141388174807198,0.2,0.9948586118251928
broad_PLP_to_non_PLP_or_missing,66.81269359406346,2,9,111,1547,0.017699115044247787,0.005784061696658098,0.18181818181818182,0.9942159383033419
broad_PLP_to_non_PLP_or_missing,65.0628497371807,2,10,111,1546,0.017699115044247787,0.006426735218508998,0.16666666666666666,0.993573264781491
broad_PLP_to_non_PLP_or_missing,64.85835616569932,3,10,110,1546,0.02654867256637168,0.006426735218508998,0.23076923076923078,0.993573264781491
broad_PLP_to_non_PLP_or_missing,63.742152607365824,4,10,109,1546,0.035398230088495575,0.006426735218508998,0.2857142857142857,0.993573264781491
broad_PLP_to_non_PLP_or_missing,63.03658400234539,4,11,109,1545,0.035398230088495575,0.007069408740359897,0.26666666666666666,0.9929305912596401
broad_PLP_to_non_PLP_or_missing,62.438664044160014,4,12,109,1544,0.035398230088495575,0.007712082262210797,0.25,0.9922879177377892
broad_PLP_to_non_PLP_or_missing,60.895048587790285,4,13,109,1543,0.035398230088495575,0.008354755784061696,0.23529411764705882,0.9916452442159382
broad_PLP_to_non_PLP_or_missing,58.83672379966164,4,14,109,1542,0.035398230088495575,0.008997429305912597,0.2222222222222222,0.9910025706940874
broad_PLP_to_non_PLP_or_missing,58.61679834636927,4,15,109,1541,0.035398230088495575,0.009640102827763496,0.21052631578947367,0.9903598971722365
broad_PLP_to_non_PLP_or_missing,58.0092225759628,5,15,108,1541,0.04424778761061947,0.009640102827763496,0.25,0.9903598971722365
broad_PLP_to_non_PLP_or_missing,57.87935045796935,5,16,108,1540,0.04424778761061947,0.010282776349614395,0.23809523809523808,0.9897172236503856
broad_PLP_to_non_PLP_or_missing,57.46678199568492,5,17,108,1539,0.04424778761061947,0.010925449871465296,0.22727272727272727,0.9890745501285347
broad_PLP_to_non_PLP_or_missing,57.44066872136092,5,18,108,1538,0.04424778761061947,0.011568123393316195,0.21739130434782608,0.9884318766066839
broad_PLP_to_non_PLP_or_missing,56.4117335110766,5,19,108,1537,0.04424778761061947,0.012210796915167094,0.20833333333333334,0.9877892030848329
broad_PLP_to_non_PLP_or_missing,54.84486592853864,5,20,108,1536,0.04424778761061947,0.012853470437017995,0.2,0.987146529562982
broad_PLP_to_non_PLP_or_missing,54.50838957067175,5,21,108,1535,0.04424778761061947,0.013496143958868894,0.19230769230769232,0.9865038560411311
broad_PLP_to_non_PLP_or_missing,54.50134388384512,5,22,108,1534,0.04424778761061947,0.014138817480719794,0.18518518518518517,0.9858611825192802
broad_PLP_to_non_PLP_or_missing,53.85245422137459,5,23,108,1533,0.04424778761061947,0.014781491002570694,0.17857142857142858,0.9852185089974294
broad_PLP_to_non_PLP_or_missing,53.691392021326095,5,24,108,1532,0.04424778761061947,0.015424164524421594,0.1724137931034483,0.9845758354755784
broad_PLP_to_non_PLP_or_missing,53.3500050426094,5,25,108,1531,0.04424778761061947,0.016066838046272493,0.16666666666666666,0.9839331619537275
broad_PLP_to_non_PLP_or_missing,52.57929038687696,5,26,108,1530,0.04424778761061947,0.016709511568123392,0.16129032258064516,0.9832904884318766
broad_PLP_to_non_PLP_or_missing,52.57395626298693,5,27,108,1529,0.04424778761061947,0.017352185089974295,0.15625,0.9826478149100257
broad_PLP_to_non_PLP_or_missing,52.57356725795106,5,28,108,1528,0.04424778761061947,0.017994858611825194,0.15151515151515152,0.9820051413881749
broad_PLP_to_non_PLP_or_missing,51.52470947548703,5,29,108,1527,0.04424778761061947,0.018637532133676093,0.14705882352941177,0.9813624678663239
broad_PLP_to_non_PLP_or_missing,51.111510007796014,5,30,108,1526,0.04424778761061947,0.019280205655526992,0.14285714285714285,0.980719794344473
broad_PLP_to_non_PLP_or_missing,50.61219558996749,5,31,108,1525,0.04424778761061947,0.01992287917737789,0.1388888888888889,0.9800771208226221
broad_PLP_to_non_PLP_or_missing,50.52368926917767,6,31,107,1525,0.05309734513274336,0.01992287917737789,0.16216216216216217,0.9800771208226221
broad_PLP_to_non_PLP_or_missing,50.42197329831248,7,31,106,1525,0.061946902654867256,0.01992287917737789,0.18421052631578946,0.9800771208226221
broad_PLP_to_non_PLP_or_missing,50.34518790853698,7,32,106,1524,0.061946902654867256,0.02056555269922879,0.1794871794871795,0.9794344473007712
broad_PLP_to_non_PLP_or_missing,50.22341681708722,7,33,106,1523,0.061946902654867256,0.021208226221079693,0.175,0.9787917737789203
broad_PLP_to_non_PLP_or_missing,49.346490450498806,7,34,106,1522,0.061946902654867256,0.021850899742930592,0.17073170731707318,0.9781491002570694
broad_PLP_to_non_PLP_or_missing,49.11929053183782,7,35,106,1521,0.061946902654867256,0.02249357326478149,0.16666666666666666,0.9775064267352185
broad_PLP_to_non_PLP_or_missing,49.01772138961928,7,36,106,1520,0.061946902654867256,0.02313624678663239,0.16279069767441862,0.9768637532133676
broad_PLP_to_non_PLP_or_missing,48.97993513752187,7,37,106,1519,0.061946902654867256,0.02377892030848329,0.1590909090909091,0.9762210796915167
broad_PLP_to_non_PLP_or_missing,48.75025377678588,7,38,106,1518,0.061946902654867256,0.02442159383033419,0.15555555555555556,0.9755784061696658
broad_PLP_to_non_PLP_or_missing,48.59321865895944,7,39,106,1517,0.061946902654867256,0.02506426735218509,0.15217391304347827,0.9749357326478149
broad_PLP_to_non_PLP_or_missing,48.47544998950107,7,40,106,1516,0.061946902654867256,0.02570694087403599,0.14893617021276595,0.974293059125964
broad_PLP_to_non_PLP_or_missing,48.26734486685463,7,41,106,1515,0.061946902654867256,0.02634961439588689,0.14583333333333334,0.9736503856041131
broad_PLP_to_non_PLP_or_missing,48.17809956662177,7,42,106,1514,0.061946902654867256,0.02699228791773779,0.14285714285714285,0.9730077120822622
broad_PLP_to_non_PLP_or_missing,48.018668358206,7,43,106,1513,0.061946902654867256,0.027634961439588688,0.14,0.9723650385604113
broad_PLP_to_non_PLP_or_missing,47.79212637910659,7,44,106,1512,0.061946902654867256,0.028277634961439587,0.13725490196078433,0.9717223650385605
broad_PLP_to_non_PLP_or_missing,47.13599004542027,7,45,106,1511,0.061946902654867256,0.02892030848329049,0.1346153846153846,0.9710796915167095
broad_PLP_to_non_PLP_or_missing,46.94660184855132,7,46,106,1510,0.061946902654867256,0.02956298200514139,0.1320754716981132,0.9704370179948586
broad_PLP_to_non_PLP_or_missing,46.77405471784748,7,47,106,1509,0.061946902654867256,0.030205655526992288,0.12962962962962962,0.9697943444730077
broad_PLP_to_non_PLP_or_missing,46.74456977763202,7,48,106,1508,0.061946902654867256,0.030848329048843187,0.12727272727272726,0.9691516709511568
broad_PLP_to_non_PLP_or_missing,46.65520431681799,7,49,106,1507,0.061946902654867256,0.031491002570694086,0.125,0.968508997429306
broad_PLP_to_non_PLP_or_missing,46.17085366568092,7,50,106,1506,0.061946902654867256,0.032133676092544985,0.12280701754385964,0.967866323907455
broad_PLP_to_non_PLP_or_missing,46.05975426774471,7,51,106,1505,0.061946902654867256,0.032776349614395885,0.1206896551724138,0.9672236503856041
broad_PLP_to_non_PLP_or_missing,46.01352298524917,7,52,106,1504,0.061946902654867256,0.033419023136246784,0.11864406779661017,0.9665809768637532
broad_PLP_to_non_PLP_or_missing,45.94744193967226,8,52,105,1504,0.07079646017699115,0.033419023136246784,0.13333333333333333,0.9665809768637532
broad_PLP_to_non_PLP_or_missing,45.90363346705857,9,52,104,1504,0.07964601769911504,0.033419023136246784,0.14754098360655737,0.9665809768637532
broad_PLP_to_non_PLP_or_missing,45.85289376713097,9,53,104,1503,0.07964601769911504,0.03406169665809768,0.14516129032258066,0.9659383033419023
broad_PLP_to_non_PLP_or_missing,45.76576162887114,9,54,104,1502,0.07964601769911504,0.03470437017994859,0.14285714285714285,0.9652956298200515
broad_PLP_to_non_PLP_or_missing,45.69771878689819,9,55,104,1501,0.07964601769911504,0.03534704370179949,0.140625,0.9646529562982005
broad_PLP_to_non_PLP_or_missing,45.18505518439299,9,56,104,1500,0.07964601769911504,0.03598971722365039,0.13846153846153847,0.9640102827763496
broad_PLP_to_non_PLP_or_missing,45.0562737214618,9,57,104,1499,0.07964601769911504,0.036632390745501286,0.13636363636363635,0.9633676092544987
broad_PLP_to_non_PLP_or_missing,45.04134521382273,9,58,104,1498,0.07964601769911504,0.037275064267352186,0.13432835820895522,0.9627249357326478
broad_PLP_to_non_PLP_or_missing,44.90378178519544,9,59,104,1497,0.07964601769911504,0.037917737789203085,0.1323529411764706,0.962082262210797
broad_PLP_to_non_PLP_or_missing,44.49080788324535,9,60,104,1496,0.07964601769911504,0.038560411311053984,0.13043478260869565,0.961439588688946
broad_PLP_to_non_PLP_or_missing,44.3772595620402,9,61,104,1495,0.07964601769911504,0.03920308483290488,0.12857142857142856,0.9607969151670951
broad_PLP_to_non_PLP_or_missing,44.2714077817822,10,61,103,1495,0.08849557522123894,0.03920308483290488,0.14084507042253522,0.9607969151670951
broad_PLP_to_non_PLP_or_missing,44.18907108080799,10,62,103,1494,0.08849557522123894,0.03984575835475578,0.1388888888888889,0.9601542416452442
broad_PLP_to_non_PLP_or_missing,43.76248955926773,10,63,103,1493,0.08849557522123894,0.04048843187660668,0.136986301369863,0.9595115681233933
broad_PLP_to_non_PLP_or_missing,43.574994388463146,10,64,103,1492,0.08849557522123894,0.04113110539845758,0.13513513513513514,0.9588688946015425
broad_PLP_to_non_PLP_or_missing,43.525539693098885,10,65,103,1491,0.08849557522123894,0.04177377892030849,0.13333333333333333,0.9582262210796915
broad_PLP_to_non_PLP_or_missing,43.24715067993314,10,66,103,1490,0.08849557522123894,0.042416452442159386,0.13157894736842105,0.9575835475578406
broad_PLP_to_non_PLP_or_missing,42.65565944423318,10,67,103,1489,0.08849557522123894,0.043059125964010285,0.12987012987012986,0.9569408740359897
broad_PLP_to_non_PLP_or_missing,42.62829260031818,10,68,103,1488,0.08849557522123894,0.043701799485861184,0.1282051282051282,0.9562982005141388
broad_PLP_to_non_PLP_or_missing,42.42146788467246,10,69,103,1487,0.08849557522123894,0.04434447300771208,0.12658227848101267,0.955655526992288
broad_PLP_to_non_PLP_or_missing,42.381605963562464,10,70,103,1486,0.08849557522123894,0.04498714652956298,0.125,0.9550128534704371
broad_PLP_to_non_PLP_or_missing,42.35087324201884,10,71,103,1485,0.08849557522123894,0.04562982005141388,0.12345679012345678,0.9543701799485861
broad_PLP_to_non_PLP_or_missing,42.267892068898696,10,72,103,1484,0.08849557522123894,0.04627249357326478,0.12195121951219512,0.9537275064267352
broad_PLP_to_non_PLP_or_missing,42.23342259129812,10,73,103,1483,0.08849557522123894,0.04691516709511568,0.12048192771084337,0.9530848329048843
broad_PLP_to_non_PLP_or_missing,42.12670776073579,10,74,103,1482,0.08849557522123894,0.04755784061696658,0.11904761904761904,0.9524421593830334
broad_PLP_to_non_PLP_or_missing,41.87088064426257,11,74,102,1482,0.09734513274336283,0.04755784061696658,0.12941176470588237,0.9524421593830334
broad_PLP_to_non_PLP_or_missing,41.84715310882466,11,75,102,1481,0.09734513274336283,0.04820051413881748,0.12790697674418605,0.9517994858611826
broad_PLP_to_non_PLP_or_missing,41.75591038457602,11,76,102,1480,0.09734513274336283,0.04884318766066838,0.12643678160919541,0.9511568123393316
broad_PLP_to_non_PLP_or_missing,41.64466771027238,11,77,102,1479,0.09734513274336283,0.04948586118251928,0.125,0.9505141388174807
broad_PLP_to_non_PLP_or_missing,41.56647885674529,11,78,102,1478,0.09734513274336283,0.05012853470437018,0.12359550561797752,0.9498714652956298
broad_PLP_to_non_PLP_or_missing,41.388463000854415,11,79,102,1477,0.09734513274336283,0.05077120822622108,0.12222222222222222,0.949228791773779
broad_PLP_to_non_PLP_or_missing,41.35785361474359,11,80,102,1476,0.09734513274336283,0.05141388174807198,0.12087912087912088,0.9485861182519281
broad_PLP_to_non_PLP_or_missing,41.28254502332071,11,81,102,1475,0.09734513274336283,0.05205655526992288,0.11956521739130435,0.9479434447300771
broad_PLP_to_non_PLP_or_missing,40.89751244640756,11,82,102,1474,0.09734513274336283,0.05269922879177378,0.11827956989247312,0.9473007712082262
broad_PLP_to_non_PLP_or_missing,40.592725672767344,11,83,102,1473,0.09734513274336283,0.05334190231362468,0.11702127659574468,0.9466580976863753
broad_PLP_to_non_PLP_or_missing,40.25062655574517,11,84,102,1472,0.09734513274336283,0.05398457583547558,0.11578947368421053,0.9460154241645244
broad_PLP_to_non_PLP_or_missing,40.19211089275856,11,85,102,1471,0.09734513274336283,0.05462724935732648,0.11458333333333333,0.9453727506426736
broad_PLP_to_non_PLP_or_missing,40.019454121549,11,86,102,1470,0.09734513274336283,0.055269922879177376,0.1134020618556701,0.9447300771208226
broad_PLP_to_non_PLP_or_missing,39.85145549893755,11,87,102,1469,0.09734513274336283,0.055912596401028275,0.11224489795918367,0.9440874035989717
broad_PLP_to_non_PLP_or_missing,39.84734302800234,11,88,102,1468,0.09734513274336283,0.056555269922879174,0.1111111111111111,0.9434447300771208
broad_PLP_to_non_PLP_or_missing,39.84660813347927,11,89,102,1467,0.09734513274336283,0.05719794344473008,0.11,0.9428020565552699
broad_PLP_to_non_PLP_or_missing,39.3960321884829,11,90,102,1466,0.09734513274336283,0.05784061696658098,0.10891089108910891,0.9421593830334191
broad_PLP_to_non_PLP_or_missing,39.29210866581224,11,91,102,1465,0.09734513274336283,0.05848329048843188,0.10784313725490197,0.9415167095115681
broad_PLP_to_non_PLP_or_missing,39.14954653031581,11,92,102,1464,0.09734513274336283,0.05912596401028278,0.10679611650485436,0.9408740359897172
broad_PLP_to_non_PLP_or_missing,39.00294438999165,11,93,102,1463,0.09734513274336283,0.05976863753213368,0.10576923076923077,0.9402313624678663
broad_PLP_to_non_PLP_or_missing,38.81432719879302,11,94,102,1462,0.09734513274336283,0.060411311053984576,0.10476190476190476,0.9395886889460154
broad_PLP_to_non_PLP_or_missing,38.76441346006729,11,95,102,1461,0.09734513274336283,0.061053984575835475,0.10377358490566038,0.9389460154241646
broad_PLP_to_non_PLP_or_missing,38.73029205805557,11,96,102,1460,0.09734513274336283,0.061696658097686374,0.102803738317757,0.9383033419023136
broad_PLP_to_non_PLP_or_missing,38.73012721665877,11,97,102,1459,0.09734513274336283,0.062339331619537273,0.10185185185185185,0.9376606683804627
broad_PLP_to_non_PLP_or_missing,38.593664178445394,11,98,102,1458,0.09734513274336283,0.06298200514138817,0.10091743119266056,0.9370179948586118
broad_PLP_to_non_PLP_or_missing,38.47361261911225,12,98,101,1458,0.10619469026548672,0.06298200514138817,0.10909090909090909,0.9370179948586118
broad_PLP_to_non_PLP_or_missing,38.35959651065921,12,99,101,1457,0.10619469026548672,0.06362467866323908,0.10810810810810811,0.9363753213367609
broad_PLP_to_non_PLP_or_missing,38.34939553259319,12,100,101,1456,0.10619469026548672,0.06426735218508997,0.10714285714285714,0.9357326478149101
broad_PLP_to_non_PLP_or_missing,38.15559741590136,12,101,101,1455,0.10619469026548672,0.06491002570694088,0.10619469026548672,0.9350899742930592
broad_PLP_to_non_PLP_or_missing,37.76623789101464,13,101,100,1455,0.11504424778761062,0.06491002570694088,0.11403508771929824,0.9350899742930592
broad_PLP_to_non_PLP_or_missing,37.70424464737644,13,102,100,1454,0.11504424778761062,0.06555269922879177,0.11304347826086956,0.9344473007712082
broad_PLP_to_non_PLP_or_missing,36.93828128611564,13,103,100,1453,0.11504424778761062,0.06619537275064268,0.11206896551724138,0.9338046272493573
broad_PLP_to_non_PLP_or_missing,36.88603883655049,13,104,100,1452,0.11504424778761062,0.06683804627249357,0.1111111111111111,0.9331619537275064
broad_PLP_to_non_PLP_or_missing,36.851084758515206,13,105,100,1451,0.11504424778761062,0.06748071979434447,0.11016949152542373,0.9325192802056556
broad_PLP_to_non_PLP_or_missing,36.8264304739901,13,106,100,1450,0.11504424778761062,0.06812339331619537,0.1092436974789916,0.9318766066838047
broad_PLP_to_non_PLP_or_missing,36.76046609199713,13,107,100,1449,0.11504424778761062,0.06876606683804627,0.10833333333333334,0.9312339331619537
broad_PLP_to_non_PLP_or_missing,36.72937854565557,13,108,100,1448,0.11504424778761062,0.06940874035989718,0.10743801652892562,0.9305912596401028
broad_PLP_to_non_PLP_or_missing,36.72033864659939,13,109,100,1447,0.11504424778761062,0.07005141388174807,0.10655737704918032,0.9299485861182519
broad_PLP_to_non_PLP_or_missing,36.7009399249707,14,109,99,1447,0.12389380530973451,0.07005141388174807,0.11382113821138211,0.9299485861182519
broad_PLP_to_non_PLP_or_missing,36.35400559231316,15,109,98,1447,0.13274336283185842,0.07005141388174807,0.12096774193548387,0.9299485861182519
broad_PLP_to_non_PLP_or_missing,36.17218534662468,15,110,98,1446,0.13274336283185842,0.07069408740359898,0.12,0.929305912596401
broad_PLP_to_non_PLP_or_missing,36.13721110187318,15,111,98,1445,0.13274336283185842,0.07133676092544987,0.11904761904761904,0.9286632390745502
broad_PLP_to_non_PLP_or_missing,36.086956742505016,15,112,98,1444,0.13274336283185842,0.07197943444730077,0.11811023622047244,0.9280205655526992
broad_PLP_to_non_PLP_or_missing,36.06483586417535,16,112,97,1444,0.1415929203539823,0.07197943444730077,0.125,0.9280205655526992
broad_PLP_to_non_PLP_or_missing,35.145572794284504,16,113,97,1443,0.1415929203539823,0.07262210796915167,0.12403100775193798,0.9273778920308483
broad_PLP_to_non_PLP_or_missing,34.72228422140768,16,114,97,1442,0.1415929203539823,0.07326478149100257,0.12307692307692308,0.9267352185089974
broad_PLP_to_non_PLP_or_missing,34.69935440988432,16,115,97,1441,0.1415929203539823,0.07390745501285347,0.12213740458015267,0.9260925449871465
broad_PLP_to_non_PLP_or_missing,34.658949939910414,17,115,96,1441,0.1504424778761062,0.07390745501285347,0.12878787878787878,0.9260925449871465
broad_PLP_to_non_PLP_or_missing,34.59482000521827,17,116,96,1440,0.1504424778761062,0.07455012853470437,0.12781954887218044,0.9254498714652957
broad_PLP_to_non_PLP_or_missing,34.21872199937656,17,117,96,1439,0.1504424778761062,0.07519280205655526,0.12686567164179105,0.9248071979434447
broad_PLP_to_non_PLP_or_missing,33.9726989052714,17,118,96,1438,0.1504424778761062,0.07583547557840617,0.1259259259259259,0.9241645244215938
broad_PLP_to_non_PLP_or_missing,33.38950438130763,17,119,96,1437,0.1504424778761062,0.07647814910025708,0.125,0.9235218508997429
broad_PLP_to_non_PLP_or_missing,33.38768732157206,17,120,96,1436,0.1504424778761062,0.07712082262210797,0.12408759124087591,0.922879177377892
broad_PLP_to_non_PLP_or_missing,33.34592895086219,17,121,96,1435,0.1504424778761062,0.07776349614395887,0.12318840579710146,0.9222365038560412
broad_PLP_to_non_PLP_or_missing,33.13367876637215,17,122,96,1434,0.1504424778761062,0.07840616966580977,0.1223021582733813,0.9215938303341902
broad_PLP_to_non_PLP_or_missing,33.03187657315101,17,123,96,1433,0.1504424778761062,0.07904884318766067,0.12142857142857143,0.9209511568123393
broad_PLP_to_non_PLP_or_missing,32.72190581335208,17,124,96,1432,0.1504424778761062,0.07969151670951156,0.12056737588652482,0.9203084832904884
broad_PLP_to_non_PLP_or_missing,32.66816211863309,17,125,96,1431,0.1504424778761062,0.08033419023136247,0.11971830985915492,0.9196658097686375
broad_PLP_to_non_PLP_or_missing,32.62587549432631,17,126,96,1430,0.1504424778761062,0.08097686375321336,0.11888111888111888,0.9190231362467867
broad_PLP_to_non_PLP_or_missing,32.62200973889554,17,127,96,1429,0.1504424778761062,0.08161953727506427,0.11805555555555555,0.9183804627249358
broad_PLP_to_non_PLP_or_missing,32.6197642430952,17,128,96,1428,0.1504424778761062,0.08226221079691516,0.11724137931034483,0.9177377892030848
broad_PLP_to_non_PLP_or_missing,32.593162794453555,17,129,96,1427,0.1504424778761062,0.08290488431876607,0.11643835616438356,0.9170951156812339
broad_PLP_to_non_PLP_or_missing,32.50014436408189,17,130,96,1426,0.1504424778761062,0.08354755784061697,0.11564625850340136,0.916452442159383
broad_PLP_to_non_PLP_or_missing,32.494160339872536,17,131,96,1425,0.1504424778761062,0.08419023136246787,0.11486486486486487,0.9158097686375322
broad_PLP_to_non_PLP_or_missing,32.41317829154085,17,132,96,1424,0.1504424778761062,0.08483290488431877,0.11409395973154363,0.9151670951156813
broad_PLP_to_non_PLP_or_missing,32.09118280314142,17,133,96,1423,0.1504424778761062,0.08547557840616966,0.11333333333333333,0.9145244215938303
broad_PLP_to_non_PLP_or_missing,31.889336635599356,17,134,96,1422,0.1504424778761062,0.08611825192802057,0.11258278145695365,0.9138817480719794
broad_PLP_to_non_PLP_or_missing,31.80265018857825,17,135,96,1421,0.1504424778761062,0.08676092544987146,0.1118421052631579,0.9132390745501285
broad_PLP_to_non_PLP_or_missing,31.58645494203427,17,136,96,1420,0.1504424778761062,0.08740359897172237,0.1111111111111111,0.9125964010282777
broad_PLP_to_non_PLP_or_missing,31.3520617242457,17,137,96,1419,0.1504424778761062,0.08804627249357326,0.11038961038961038,0.9119537275064268
broad_PLP_to_non_PLP_or_missing,31.20885153739119,17,138,96,1418,0.1504424778761062,0.08868894601542417,0.10967741935483871,0.9113110539845758
broad_PLP_to_non_PLP_or_missing,31.11212257692224,17,139,96,1417,0.1504424778761062,0.08933161953727506,0.10897435897435898,0.9106683804627249
broad_PLP_to_non_PLP_or_missing,30.79372039553212,17,140,96,1416,0.1504424778761062,0.08997429305912596,0.10828025477707007,0.910025706940874
broad_PLP_to_non_PLP_or_missing,30.784253086229924,17,141,96,1415,0.1504424778761062,0.09061696658097686,0.10759493670886076,0.9093830334190232
broad_PLP_to_non_PLP_or_missing,30.49557690461753,17,142,96,1414,0.1504424778761062,0.09125964010282776,0.1069182389937107,0.9087403598971723
broad_PLP_to_non_PLP_or_missing,30.47159563966459,17,143,96,1413,0.1504424778761062,0.09190231362467867,0.10625,0.9080976863753213
broad_PLP_to_non_PLP_or_missing,30.206021546996165,17,144,96,1412,0.1504424778761062,0.09254498714652956,0.10559006211180125,0.9074550128534704
broad_PLP_to_non_PLP_or_missing,30.16113280083529,17,145,96,1411,0.1504424778761062,0.09318766066838047,0.10493827160493827,0.9068123393316195
broad_PLP_to_non_PLP_or_missing,29.84101868782579,17,146,96,1410,0.1504424778761062,0.09383033419023136,0.10429447852760736,0.9061696658097687
broad_PLP_to_non_PLP_or_missing,29.72677421570846,17,147,96,1409,0.1504424778761062,0.09447300771208227,0.10365853658536585,0.9055269922879178
broad_PLP_to_non_PLP_or_missing,29.72165854035152,17,148,96,1408,0.1504424778761062,0.09511568123393316,0.10303030303030303,0.9048843187660668
broad_PLP_to_non_PLP_or_missing,29.372650756106587,17,149,96,1407,0.1504424778761062,0.09575835475578406,0.10240963855421686,0.9042416452442159
broad_PLP_to_non_PLP_or_missing,28.96726532501017,17,150,96,1406,0.1504424778761062,0.09640102827763496,0.10179640718562874,0.903598971722365
broad_PLP_to_non_PLP_or_missing,28.726146854172043,17,151,96,1405,0.1504424778761062,0.09704370179948586,0.10119047619047619,0.9029562982005142
broad_PLP_to_non_PLP_or_missing,28.380276378611825,17,152,96,1404,0.1504424778761062,0.09768637532133675,0.10059171597633136,0.9023136246786633
broad_PLP_to_non_PLP_or_missing,28.337721785219152,17,153,96,1403,0.1504424778761062,0.09832904884318766,0.1,0.9016709511568124
broad_PLP_to_non_PLP_or_missing,28.24337754555096,17,154,96,1402,0.1504424778761062,0.09897172236503857,0.09941520467836257,0.9010282776349614
broad_PLP_to_non_PLP_or_missing,27.8574738083988,17,155,96,1401,0.1504424778761062,0.09961439588688946,0.09883720930232558,0.9003856041131105
broad_PLP_to_non_PLP_or_missing,27.45657511289576,17,156,96,1400,0.1504424778761062,0.10025706940874037,0.09826589595375723,0.8997429305912596
broad_PLP_to_non_PLP_or_missing,27.121044453643453,17,157,96,1399,0.1504424778761062,0.10089974293059126,0.09770114942528736,0.8991002570694088
broad_PLP_to_non_PLP_or_missing,27.09110006898996,17,158,96,1398,0.1504424778761062,0.10154241645244216,0.09714285714285714,0.8984575835475579
broad_PLP_to_non_PLP_or_missing,27.087163868685213,17,159,96,1397,0.1504424778761062,0.10218508997429306,0.09659090909090909,0.8978149100257069
broad_PLP_to_non_PLP_or_missing,26.705369796566423,17,160,96,1396,0.1504424778761062,0.10282776349614396,0.096045197740113,0.897172236503856
broad_PLP_to_non_PLP_or_missing,26.64638062979012,17,161,96,1395,0.1504424778761062,0.10347043701799485,0.09550561797752809,0.8965295629820051
broad_PLP_to_non_PLP_or_missing,26.585088156808343,17,162,96,1394,0.1504424778761062,0.10411311053984576,0.09497206703910614,0.8958868894601543
broad_PLP_to_non_PLP_or_missing,26.141016019058497,17,163,96,1393,0.1504424778761062,0.10475578406169665,0.09444444444444444,0.8952442159383034
broad_PLP_to_non_PLP_or_missing,26.104119144710968,17,164,96,1392,0.1504424778761062,0.10539845758354756,0.09392265193370165,0.8946015424164524
broad_PLP_to_non_PLP_or_missing,25.77752545614076,17,165,96,1391,0.1504424778761062,0.10604113110539845,0.09340659340659341,0.8939588688946015
broad_PLP_to_non_PLP_or_missing,24.268506130447257,17,166,96,1390,0.1504424778761062,0.10668380462724936,0.09289617486338798,0.8933161953727506
broad_PLP_to_non_PLP_or_missing,23.59063221197529,17,167,96,1389,0.1504424778761062,0.10732647814910026,0.09239130434782608,0.8926735218508998
broad_PLP_to_non_PLP_or_missing,23.198627869967087,17,168,96,1388,0.1504424778761062,0.10796915167095116,0.0918918918918919,0.8920308483290489
broad_PLP_to_non_PLP_or_missing,22.956635106407436,17,169,96,1387,0.1504424778761062,0.10861182519280206,0.0913978494623656,0.8913881748071979
broad_PLP_to_non_PLP_or_missing,22.582309459114548,17,170,96,1386,0.1504424778761062,0.10925449871465295,0.09090909090909091,0.890745501285347
broad_PLP_to_non_PLP_or_missing,6.0,17,188,96,1368,0.1504424778761062,0.12082262210796915,0.08292682926829269,0.8791773778920309
broad_PLP_to_non_PLP_or_missing,3.0,18,236,95,1320,0.1592920353982301,0.15167095115681234,0.07086614173228346,0.8483290488431876
broad_PLP_to_non_PLP_or_missing,2.0,19,238,94,1318,0.168141592920354,0.15295629820051415,0.07392996108949416,0.8470437017994858
broad_PLP_to_non_PLP_or_missing,0.0,113,1556,0,0,1.0,1.0,0.0677052127022169,0.0
broad_PLP_to_non_PLP_or_missing,-inf,113,1556,0,0,1.0,1.0,0.0677052127022169,0.0
expanded_PLP_to_non_PLP_or_review_change,inf,0,0,433,1236,0.0,0.0,,1.0
expanded_PLP_to_non_PLP_or_review_change,87.65005613154666,1,0,432,1236,0.0023094688221709007,0.0,1.0,1.0
expanded_PLP_to_non_PLP_or_review_change,86.69085292724905,2,0,431,1236,0.004618937644341801,0.0,1.0,1.0
expanded_PLP_to_non_PLP_or_review_change,86.01207520205661,2,1,431,1235,0.004618937644341801,0.0008090614886731392,0.6666666666666666,0.9991909385113269
expanded_PLP_to_non_PLP_or_review_change,80.48671594150228,3,1,430,1235,0.006928406466512702,0.0008090614886731392,0.75,0.9991909385113269
expanded_PLP_to_non_PLP_or_review_change,80.01365119586032,4,1,429,1235,0.009237875288683603,0.0008090614886731392,0.8,0.9991909385113269
expanded_PLP_to_non_PLP_or_review_change,76.37241964346178,5,1,428,1235,0.011547344110854504,0.0008090614886731392,0.8333333333333334,0.9991909385113269
expanded_PLP_to_non_PLP_or_review_change,75.38399567455927,5,2,428,1234,0.011547344110854504,0.0016181229773462784,0.7142857142857143,0.9983818770226537
expanded_PLP_to_non_PLP_or_review_change,72.10266409696413,5,3,428,1233,0.011547344110854504,0.0024271844660194173,0.625,0.9975728155339806
expanded_PLP_to_non_PLP_or_review_change,69.59334625891111,6,3,427,1233,0.013856812933025405,0.0024271844660194173,0.6666666666666666,0.9975728155339806
expanded_PLP_to_non_PLP_or_review_change,67.2001927450959,7,3,426,1233,0.016166281755196306,0.0024271844660194173,0.7,0.9975728155339806
expanded_PLP_to_non_PLP_or_review_change,66.81269359406346,8,3,425,1233,0.018475750577367205,0.0024271844660194173,0.7272727272727273,0.9975728155339806
expanded_PLP_to_non_PLP_or_review_change,65.0628497371807,8,4,425,1232,0.018475750577367205,0.003236245954692557,0.6666666666666666,0.9967637540453075
expanded_PLP_to_non_PLP_or_review_change,64.85835616569932,9,4,424,1232,0.020785219399538105,0.003236245954692557,0.6923076923076923,0.9967637540453075
expanded_PLP_to_non_PLP_or_review_change,63.742152607365824,10,4,423,1232,0.023094688221709007,0.003236245954692557,0.7142857142857143,0.9967637540453075
expanded_PLP_to_non_PLP_or_review_change,63.03658400234539,10,5,423,1231,0.023094688221709007,0.0040453074433656954,0.6666666666666666,0.9959546925566343
expanded_PLP_to_non_PLP_or_review_change,62.438664044160014,11,5,422,1231,0.025404157043879907,0.0040453074433656954,0.6875,0.9959546925566343
expanded_PLP_to_non_PLP_or_review_change,60.895048587790285,12,5,421,1231,0.02771362586605081,0.0040453074433656954,0.7058823529411765,0.9959546925566343
expanded_PLP_to_non_PLP_or_review_change,58.83672379966164,12,6,421,1230,0.02771362586605081,0.0048543689320388345,0.6666666666666666,0.9951456310679612
expanded_PLP_to_non_PLP_or_review_change,58.61679834636927,13,6,420,1230,0.03002309468822171,0.0048543689320388345,0.6842105263157895,0.9951456310679612
expanded_PLP_to_non_PLP_or_review_change,58.0092225759628,14,6,419,1230,0.03233256351039261,0.0048543689320388345,0.7,0.9951456310679612
expanded_PLP_to_non_PLP_or_review_change,57.87935045796935,14,7,419,1229,0.03233256351039261,0.0056634304207119745,0.6666666666666666,0.9943365695792881
expanded_PLP_to_non_PLP_or_review_change,57.46678199568492,14,8,419,1228,0.03233256351039261,0.006472491909385114,0.6363636363636364,0.9935275080906149
expanded_PLP_to_non_PLP_or_review_change,57.44066872136092,14,9,419,1227,0.03233256351039261,0.007281553398058253,0.6086956521739131,0.9927184466019418
expanded_PLP_to_non_PLP_or_review_change,56.4117335110766,14,10,419,1226,0.03233256351039261,0.008090614886731391,0.5833333333333334,0.9919093851132686
expanded_PLP_to_non_PLP_or_review_change,54.84486592853864,14,11,419,1225,0.03233256351039261,0.00889967637540453,0.56,0.9911003236245954
expanded_PLP_to_non_PLP_or_review_change,54.50838957067175,14,12,419,1224,0.03233256351039261,0.009708737864077669,0.5384615384615384,0.9902912621359223
expanded_PLP_to_non_PLP_or_review_change,54.50134388384512,14,13,419,1223,0.03233256351039261,0.010517799352750809,0.5185185185185185,0.9894822006472492
expanded_PLP_to_non_PLP_or_review_change,53.85245422137459,14,14,419,1222,0.03233256351039261,0.011326860841423949,0.5,0.988673139158576
expanded_PLP_to_non_PLP_or_review_change,53.691392021326095,14,15,419,1221,0.03233256351039261,0.012135922330097087,0.4827586206896552,0.9878640776699029
expanded_PLP_to_non_PLP_or_review_change,53.3500050426094,14,16,419,1220,0.03233256351039261,0.012944983818770227,0.4666666666666667,0.9870550161812298
expanded_PLP_to_non_PLP_or_review_change,52.57929038687696,14,17,419,1219,0.03233256351039261,0.013754045307443365,0.45161290322580644,0.9862459546925566
expanded_PLP_to_non_PLP_or_review_change,52.57395626298693,14,18,419,1218,0.03233256351039261,0.014563106796116505,0.4375,0.9854368932038835
expanded_PLP_to_non_PLP_or_review_change,52.57356725795106,14,19,419,1217,0.03233256351039261,0.015372168284789644,0.42424242424242425,0.9846278317152104
expanded_PLP_to_non_PLP_or_review_change,51.52470947548703,15,19,418,1217,0.03464203233256351,0.015372168284789644,0.4411764705882353,0.9846278317152104
expanded_PLP_to_non_PLP_or_review_change,51.111510007796014,15,20,418,1216,0.03464203233256351,0.016181229773462782,0.42857142857142855,0.9838187702265372
expanded_PLP_to_non_PLP_or_review_change,50.61219558996749,15,21,418,1215,0.03464203233256351,0.01699029126213592,0.4166666666666667,0.9830097087378641
expanded_PLP_to_non_PLP_or_review_change,50.52368926917767,16,21,417,1215,0.03695150115473441,0.01699029126213592,0.43243243243243246,0.9830097087378641
expanded_PLP_to_non_PLP_or_review_change,50.42197329831248,17,21,416,1215,0.03926096997690531,0.01699029126213592,0.4473684210526316,0.9830097087378641
expanded_PLP_to_non_PLP_or_review_change,50.34518790853698,17,22,416,1214,0.03926096997690531,0.01779935275080906,0.4358974358974359,0.982200647249191
expanded_PLP_to_non_PLP_or_review_change,50.22341681708722,18,22,415,1214,0.04157043879907621,0.01779935275080906,0.45,0.982200647249191
expanded_PLP_to_non_PLP_or_review_change,49.346490450498806,19,22,414,1214,0.04387990762124711,0.01779935275080906,0.4634146341463415,0.982200647249191
expanded_PLP_to_non_PLP_or_review_change,49.11929053183782,20,22,413,1214,0.046189376443418015,0.01779935275080906,0.47619047619047616,0.982200647249191
expanded_PLP_to_non_PLP_or_review_change,49.01772138961928,20,23,413,1213,0.046189376443418015,0.0186084142394822,0.46511627906976744,0.9813915857605178
expanded_PLP_to_non_PLP_or_review_change,48.97993513752187,21,23,412,1213,0.04849884526558892,0.0186084142394822,0.4772727272727273,0.9813915857605178
expanded_PLP_to_non_PLP_or_review_change,48.75025377678588,22,23,411,1213,0.050808314087759814,0.0186084142394822,0.4888888888888889,0.9813915857605178
expanded_PLP_to_non_PLP_or_review_change,48.59321865895944,22,24,411,1212,0.050808314087759814,0.019417475728155338,0.4782608695652174,0.9805825242718447
expanded_PLP_to_non_PLP_or_review_change,48.47544998950107,22,25,411,1211,0.050808314087759814,0.020226537216828478,0.46808510638297873,0.9797734627831716
expanded_PLP_to_non_PLP_or_review_change,48.26734486685463,23,25,410,1211,0.053117782909930716,0.020226537216828478,0.4791666666666667,0.9797734627831716
expanded_PLP_to_non_PLP_or_review_change,48.17809956662177,23,26,410,1210,0.053117782909930716,0.021035598705501618,0.46938775510204084,0.9789644012944984
expanded_PLP_to_non_PLP_or_review_change,48.018668358206,23,27,410,1209,0.053117782909930716,0.021844660194174758,0.46,0.9781553398058253
expanded_PLP_to_non_PLP_or_review_change,47.79212637910659,23,28,410,1208,0.053117782909930716,0.022653721682847898,0.45098039215686275,0.9773462783171522
expanded_PLP_to_non_PLP_or_review_change,47.13599004542027,23,29,410,1207,0.053117782909930716,0.023462783171521034,0.4423076923076923,0.9765372168284789
expanded_PLP_to_non_PLP_or_review_change,46.94660184855132,23,30,410,1206,0.053117782909930716,0.024271844660194174,0.4339622641509434,0.9757281553398058
expanded_PLP_to_non_PLP_or_review_change,46.77405471784748,23,31,410,1205,0.053117782909930716,0.025080906148867314,0.42592592592592593,0.9749190938511327
expanded_PLP_to_non_PLP_or_review_change,46.74456977763202,23,32,410,1204,0.053117782909930716,0.025889967637540454,0.41818181818181815,0.9741100323624595
expanded_PLP_to_non_PLP_or_review_change,46.65520431681799,24,32,409,1204,0.05542725173210162,0.025889967637540454,0.42857142857142855,0.9741100323624595
expanded_PLP_to_non_PLP_or_review_change,46.17085366568092,24,33,409,1203,0.05542725173210162,0.02669902912621359,0.42105263157894735,0.9733009708737864
expanded_PLP_to_non_PLP_or_review_change,46.05975426774471,25,33,408,1203,0.057736720554272515,0.02669902912621359,0.43103448275862066,0.9733009708737864
expanded_PLP_to_non_PLP_or_review_change,46.01352298524917,26,33,407,1203,0.06004618937644342,0.02669902912621359,0.4406779661016949,0.9733009708737864
expanded_PLP_to_non_PLP_or_review_change,45.94744193967226,27,33,406,1203,0.06235565819861432,0.02669902912621359,0.45,0.9733009708737864
expanded_PLP_to_non_PLP_or_review_change,45.90363346705857,28,33,405,1203,0.06466512702078522,0.02669902912621359,0.45901639344262296,0.9733009708737864
expanded_PLP_to_non_PLP_or_review_change,45.85289376713097,29,33,404,1203,0.06697459584295612,0.02669902912621359,0.46774193548387094,0.9733009708737864
expanded_PLP_to_non_PLP_or_review_change,45.76576162887114,29,34,404,1202,0.06697459584295612,0.02750809061488673,0.4603174603174603,0.9724919093851133
expanded_PLP_to_non_PLP_or_review_change,45.69771878689819,29,35,404,1201,0.06697459584295612,0.02831715210355987,0.453125,0.9716828478964401
expanded_PLP_to_non_PLP_or_review_change,45.18505518439299,30,35,403,1201,0.06928406466512702,0.02831715210355987,0.46153846153846156,0.9716828478964401
expanded_PLP_to_non_PLP_or_review_change,45.0562737214618,31,35,402,1201,0.07159353348729793,0.02831715210355987,0.4696969696969697,0.9716828478964401
expanded_PLP_to_non_PLP_or_review_change,45.04134521382273,31,36,402,1200,0.07159353348729793,0.02912621359223301,0.4626865671641791,0.970873786407767
expanded_PLP_to_non_PLP_or_review_change,44.90378178519544,32,36,401,1200,0.07390300230946882,0.02912621359223301,0.47058823529411764,0.970873786407767
expanded_PLP_to_non_PLP_or_review_change,44.49080788324535,32,37,401,1199,0.07390300230946882,0.029935275080906147,0.463768115942029,0.9700647249190939
expanded_PLP_to_non_PLP_or_review_change,44.3772595620402,32,38,401,1198,0.07390300230946882,0.030744336569579287,0.45714285714285713,0.9692556634304207
expanded_PLP_to_non_PLP_or_review_change,44.2714077817822,33,38,400,1198,0.07621247113163972,0.030744336569579287,0.4647887323943662,0.9692556634304207
expanded_PLP_to_non_PLP_or_review_change,44.18907108080799,34,38,399,1198,0.07852193995381063,0.030744336569579287,0.4722222222222222,0.9692556634304207
expanded_PLP_to_non_PLP_or_review_change,43.76248955926773,35,38,398,1198,0.08083140877598152,0.030744336569579287,0.4794520547945205,0.9692556634304207
expanded_PLP_to_non_PLP_or_review_change,43.574994388463146,35,39,398,1197,0.08083140877598152,0.03155339805825243,0.47297297297297297,0.9684466019417476
expanded_PLP_to_non_PLP_or_review_change,43.525539693098885,35,40,398,1196,0.08083140877598152,0.032362459546925564,0.4666666666666667,0.9676375404530745
expanded_PLP_to_non_PLP_or_review_change,43.24715067993314,35,41,398,1195,0.08083140877598152,0.03317152103559871,0.4605263157894737,0.9668284789644013
expanded_PLP_to_non_PLP_or_review_change,42.65565944423318,35,42,398,1194,0.08083140877598152,0.03398058252427184,0.45454545454545453,0.9660194174757282
expanded_PLP_to_non_PLP_or_review_change,42.62829260031818,35,43,398,1193,0.08083140877598152,0.03478964401294499,0.44871794871794873,0.9652103559870551
expanded_PLP_to_non_PLP_or_review_change,42.42146788467246,36,43,397,1193,0.08314087759815242,0.03478964401294499,0.45569620253164556,0.9652103559870551
expanded_PLP_to_non_PLP_or_review_change,42.381605963562464,36,44,397,1192,0.08314087759815242,0.03559870550161812,0.45,0.9644012944983819
expanded_PLP_to_non_PLP_or_review_change,42.35087324201884,36,45,397,1191,0.08314087759815242,0.03640776699029126,0.4444444444444444,0.9635922330097088
expanded_PLP_to_non_PLP_or_review_change,42.267892068898696,36,46,397,1190,0.08314087759815242,0.0372168284789644,0.43902439024390244,0.9627831715210357
expanded_PLP_to_non_PLP_or_review_change,42.23342259129812,36,47,397,1189,0.08314087759815242,0.03802588996763754,0.43373493975903615,0.9619741100323624
expanded_PLP_to_non_PLP_or_review_change,42.12670776073579,37,47,396,1189,0.08545034642032333,0.03802588996763754,0.44047619047619047,0.9619741100323624
expanded_PLP_to_non_PLP_or_review_change,41.87088064426257,38,47,395,1189,0.08775981524249422,0.03802588996763754,0.4470588235294118,0.9619741100323624
expanded_PLP_to_non_PLP_or_review_change,41.84715310882466,38,48,395,1188,0.08775981524249422,0.038834951456310676,0.4418604651162791,0.9611650485436893
expanded_PLP_to_non_PLP_or_review_change,41.75591038457602,38,49,395,1187,0.08775981524249422,0.03964401294498382,0.4367816091954023,0.9603559870550162
expanded_PLP_to_non_PLP_or_review_change,41.64466771027238,39,49,394,1187,0.09006928406466513,0.03964401294498382,0.4431818181818182,0.9603559870550162
expanded_PLP_to_non_PLP_or_review_change,41.56647885674529,39,50,394,1186,0.09006928406466513,0.040453074433656956,0.43820224719101125,0.959546925566343
expanded_PLP_to_non_PLP_or_review_change,41.388463000854415,40,50,393,1186,0.09237875288683603,0.040453074433656956,0.4444444444444444,0.959546925566343
expanded_PLP_to_non_PLP_or_review_change,41.35785361474359,40,51,393,1185,0.09237875288683603,0.0412621359223301,0.43956043956043955,0.9587378640776699
expanded_PLP_to_non_PLP_or_review_change,41.28254502332071,40,52,393,1184,0.09237875288683603,0.042071197411003236,0.43478260869565216,0.9579288025889967
expanded_PLP_to_non_PLP_or_review_change,40.89751244640756,40,53,393,1183,0.09237875288683603,0.04288025889967637,0.43010752688172044,0.9571197411003236
expanded_PLP_to_non_PLP_or_review_change,40.592725672767344,40,54,393,1182,0.09237875288683603,0.043689320388349516,0.425531914893617,0.9563106796116505
expanded_PLP_to_non_PLP_or_review_change,40.25062655574517,40,55,393,1181,0.09237875288683603,0.04449838187702265,0.42105263157894735,0.9555016181229773
expanded_PLP_to_non_PLP_or_review_change,40.19211089275856,40,56,393,1180,0.09237875288683603,0.045307443365695796,0.4166666666666667,0.9546925566343042
expanded_PLP_to_non_PLP_or_review_change,40.019454121549,40,57,393,1179,0.09237875288683603,0.04611650485436893,0.41237113402061853,0.9538834951456311
expanded_PLP_to_non_PLP_or_review_change,39.85145549893755,41,57,392,1179,0.09468822170900693,0.04611650485436893,0.41836734693877553,0.9538834951456311
expanded_PLP_to_non_PLP_or_review_change,39.84734302800234,41,58,392,1178,0.09468822170900693,0.04692556634304207,0.41414141414141414,0.9530744336569579
expanded_PLP_to_non_PLP_or_review_change,39.84660813347927,41,59,392,1177,0.09468822170900693,0.04773462783171521,0.41,0.9522653721682848
expanded_PLP_to_non_PLP_or_review_change,39.3960321884829,42,59,391,1177,0.09699769053117784,0.04773462783171521,0.4158415841584158,0.9522653721682848
expanded_PLP_to_non_PLP_or_review_change,39.29210866581224,42,60,391,1176,0.09699769053117784,0.04854368932038835,0.4117647058823529,0.9514563106796117
expanded_PLP_to_non_PLP_or_review_change,39.14954653031581,42,61,391,1175,0.09699769053117784,0.049352750809061485,0.4077669902912621,0.9506472491909385
expanded_PLP_to_non_PLP_or_review_change,39.00294438999165,42,62,391,1174,0.09699769053117784,0.05016181229773463,0.40384615384615385,0.9498381877022654
expanded_PLP_to_non_PLP_or_review_change,38.81432719879302,42,63,391,1173,0.09699769053117784,0.050970873786407765,0.4,0.9490291262135923
expanded_PLP_to_non_PLP_or_review_change,38.76441346006729,42,64,391,1172,0.09699769053117784,0.05177993527508091,0.39622641509433965,0.948220064724919
expanded_PLP_to_non_PLP_or_review_change,38.73029205805557,42,65,391,1171,0.09699769053117784,0.052588996763754045,0.3925233644859813,0.9474110032362459
expanded_PLP_to_non_PLP_or_review_change,38.73012721665877,42,66,391,1170,0.09699769053117784,0.05339805825242718,0.3888888888888889,0.9466019417475728
expanded_PLP_to_non_PLP_or_review_change,38.593664178445394,42,67,391,1169,0.09699769053117784,0.054207119741100325,0.3853211009174312,0.9457928802588996
expanded_PLP_to_non_PLP_or_review_change,38.47361261911225,43,67,390,1169,0.09930715935334873,0.054207119741100325,0.39090909090909093,0.9457928802588996
expanded_PLP_to_non_PLP_or_review_change,38.35959651065921,43,68,390,1168,0.09930715935334873,0.05501618122977346,0.38738738738738737,0.9449838187702265
expanded_PLP_to_non_PLP_or_review_change,38.34939553259319,44,68,389,1168,0.10161662817551963,0.05501618122977346,0.39285714285714285,0.9449838187702265
expanded_PLP_to_non_PLP_or_review_change,38.15559741590136,44,69,389,1167,0.10161662817551963,0.055825242718446605,0.3893805309734513,0.9441747572815534
expanded_PLP_to_non_PLP_or_review_change,37.76623789101464,45,69,388,1167,0.10392609699769054,0.055825242718446605,0.39473684210526316,0.9441747572815534
expanded_PLP_to_non_PLP_or_review_change,37.70424464737644,46,69,387,1167,0.10623556581986143,0.055825242718446605,0.4,0.9441747572815534
expanded_PLP_to_non_PLP_or_review_change,36.93828128611564,46,70,387,1166,0.10623556581986143,0.05663430420711974,0.39655172413793105,0.9433656957928802
expanded_PLP_to_non_PLP_or_review_change,36.88603883655049,46,71,387,1165,0.10623556581986143,0.05744336569579288,0.39316239316239315,0.9425566343042071
expanded_PLP_to_non_PLP_or_review_change,36.851084758515206,47,71,386,1165,0.10854503464203233,0.05744336569579288,0.3983050847457627,0.9425566343042071
expanded_PLP_to_non_PLP_or_review_change,36.8264304739901,47,72,386,1164,0.10854503464203233,0.05825242718446602,0.3949579831932773,0.941747572815534
expanded_PLP_to_non_PLP_or_review_change,36.76046609199713,47,73,386,1163,0.10854503464203233,0.05906148867313916,0.39166666666666666,0.9409385113268608
expanded_PLP_to_non_PLP_or_review_change,36.72937854565557,47,74,386,1162,0.10854503464203233,0.059870550161812294,0.3884297520661157,0.9401294498381877
expanded_PLP_to_non_PLP_or_review_change,36.72033864659939,48,74,385,1162,0.11085450346420324,0.059870550161812294,0.39344262295081966,0.9401294498381877
expanded_PLP_to_non_PLP_or_review_change,36.7009399249707,49,74,384,1162,0.11316397228637413,0.059870550161812294,0.3983739837398374,0.9401294498381877
expanded_PLP_to_non_PLP_or_review_change,36.35400559231316,50,74,383,1162,0.11547344110854503,0.059870550161812294,0.4032258064516129,0.9401294498381877
expanded_PLP_to_non_PLP_or_review_change,36.17218534662468,50,75,383,1161,0.11547344110854503,0.06067961165048544,0.4,0.9393203883495146
expanded_PLP_to_non_PLP_or_review_change,36.13721110187318,50,76,383,1160,0.11547344110854503,0.061488673139158574,0.3968253968253968,0.9385113268608414
expanded_PLP_to_non_PLP_or_review_change,36.086956742505016,50,77,383,1159,0.11547344110854503,0.06229773462783172,0.3937007874015748,0.9377022653721683
expanded_PLP_to_non_PLP_or_review_change,36.06483586417535,51,77,382,1159,0.11778290993071594,0.06229773462783172,0.3984375,0.9377022653721683
expanded_PLP_to_non_PLP_or_review_change,35.145572794284504,51,78,382,1158,0.11778290993071594,0.06310679611650485,0.3953488372093023,0.9368932038834952
expanded_PLP_to_non_PLP_or_review_change,34.72228422140768,52,78,381,1158,0.12009237875288684,0.06310679611650485,0.4,0.9368932038834952
expanded_PLP_to_non_PLP_or_review_change,34.69935440988432,52,79,381,1157,0.12009237875288684,0.063915857605178,0.3969465648854962,0.936084142394822
expanded_PLP_to_non_PLP_or_review_change,34.658949939910414,53,79,380,1157,0.12240184757505773,0.063915857605178,0.4015151515151515,0.936084142394822
expanded_PLP_to_non_PLP_or_review_change,34.59482000521827,53,80,380,1156,0.12240184757505773,0.06472491909385113,0.39849624060150374,0.9352750809061489
expanded_PLP_to_non_PLP_or_review_change,34.21872199937656,53,81,380,1155,0.12240184757505773,0.06553398058252427,0.39552238805970147,0.9344660194174758
expanded_PLP_to_non_PLP_or_review_change,33.9726989052714,54,81,379,1155,0.12471131639722864,0.06553398058252427,0.4,0.9344660194174758
expanded_PLP_to_non_PLP_or_review_change,33.38950438130763,54,82,379,1154,0.12471131639722864,0.06634304207119741,0.39705882352941174,0.9336569579288025
expanded_PLP_to_non_PLP_or_review_change,33.38768732157206,54,83,379,1153,0.12471131639722864,0.06715210355987054,0.39416058394160586,0.9328478964401294
expanded_PLP_to_non_PLP_or_review_change,33.34592895086219,54,84,379,1152,0.12471131639722864,0.06796116504854369,0.391304347826087,0.9320388349514563
expanded_PLP_to_non_PLP_or_review_change,33.13367876637215,54,85,379,1151,0.12471131639722864,0.06877022653721683,0.38848920863309355,0.9312297734627831
expanded_PLP_to_non_PLP_or_review_change,33.03187657315101,55,85,378,1151,0.12702078521939955,0.06877022653721683,0.39285714285714285,0.9312297734627831
expanded_PLP_to_non_PLP_or_review_change,32.72190581335208,56,85,377,1151,0.12933025404157045,0.06877022653721683,0.3971631205673759,0.9312297734627831
expanded_PLP_to_non_PLP_or_review_change,32.66816211863309,57,85,376,1151,0.13163972286374134,0.06877022653721683,0.4014084507042254,0.9312297734627831
expanded_PLP_to_non_PLP_or_review_change,32.62587549432631,58,85,375,1151,0.13394919168591224,0.06877022653721683,0.40559440559440557,0.9312297734627831
expanded_PLP_to_non_PLP_or_review_change,32.62200973889554,58,86,375,1150,0.13394919168591224,0.06957928802588997,0.4027777777777778,0.93042071197411
expanded_PLP_to_non_PLP_or_review_change,32.6197642430952,58,87,375,1149,0.13394919168591224,0.0703883495145631,0.4,0.9296116504854369
expanded_PLP_to_non_PLP_or_review_change,32.593162794453555,58,88,375,1148,0.13394919168591224,0.07119741100323625,0.3972602739726027,0.9288025889967637
expanded_PLP_to_non_PLP_or_review_change,32.50014436408189,58,89,375,1147,0.13394919168591224,0.07200647249190939,0.3945578231292517,0.9279935275080906
expanded_PLP_to_non_PLP_or_review_change,32.494160339872536,58,90,375,1146,0.13394919168591224,0.07281553398058252,0.3918918918918919,0.9271844660194175
expanded_PLP_to_non_PLP_or_review_change,32.41317829154085,59,90,374,1146,0.13625866050808313,0.07281553398058252,0.3959731543624161,0.9271844660194175
expanded_PLP_to_non_PLP_or_review_change,32.09118280314142,60,90,373,1146,0.13856812933025403,0.07281553398058252,0.4,0.9271844660194175
expanded_PLP_to_non_PLP_or_review_change,31.889336635599356,60,91,373,1145,0.13856812933025403,0.07362459546925566,0.3973509933774834,0.9263754045307443
expanded_PLP_to_non_PLP_or_review_change,31.80265018857825,60,92,373,1144,0.13856812933025403,0.0744336569579288,0.39473684210526316,0.9255663430420712
expanded_PLP_to_non_PLP_or_review_change,31.58645494203427,60,93,373,1143,0.13856812933025403,0.07524271844660194,0.39215686274509803,0.9247572815533981
expanded_PLP_to_non_PLP_or_review_change,31.3520617242457,60,94,373,1142,0.13856812933025403,0.07605177993527508,0.38961038961038963,0.9239482200647249
expanded_PLP_to_non_PLP_or_review_change,31.20885153739119,60,95,373,1141,0.13856812933025403,0.07686084142394822,0.3870967741935484,0.9231391585760518
expanded_PLP_to_non_PLP_or_review_change,31.11212257692224,60,96,373,1140,0.13856812933025403,0.07766990291262135,0.38461538461538464,0.9223300970873787
expanded_PLP_to_non_PLP_or_review_change,30.79372039553212,61,96,372,1140,0.14087759815242495,0.07766990291262135,0.3885350318471338,0.9223300970873787
expanded_PLP_to_non_PLP_or_review_change,30.784253086229924,61,97,372,1139,0.14087759815242495,0.0784789644012945,0.3860759493670886,0.9215210355987055
expanded_PLP_to_non_PLP_or_review_change,30.49557690461753,61,98,372,1138,0.14087759815242495,0.07928802588996764,0.3836477987421384,0.9207119741100324
expanded_PLP_to_non_PLP_or_review_change,30.47159563966459,61,99,372,1137,0.14087759815242495,0.08009708737864078,0.38125,0.9199029126213593
expanded_PLP_to_non_PLP_or_review_change,30.206021546996165,61,100,372,1136,0.14087759815242495,0.08090614886731391,0.37888198757763975,0.919093851132686
expanded_PLP_to_non_PLP_or_review_change,30.16113280083529,61,101,372,1135,0.14087759815242495,0.08171521035598706,0.3765432098765432,0.9182847896440129
expanded_PLP_to_non_PLP_or_review_change,29.84101868782579,61,102,372,1134,0.14087759815242495,0.0825242718446602,0.37423312883435583,0.9174757281553398
expanded_PLP_to_non_PLP_or_review_change,29.72677421570846,61,103,372,1133,0.14087759815242495,0.08333333333333333,0.3719512195121951,0.9166666666666666
expanded_PLP_to_non_PLP_or_review_change,29.72165854035152,61,104,372,1132,0.14087759815242495,0.08414239482200647,0.3696969696969697,0.9158576051779935
expanded_PLP_to_non_PLP_or_review_change,29.372650756106587,61,105,372,1131,0.14087759815242495,0.08495145631067962,0.3674698795180723,0.9150485436893204
expanded_PLP_to_non_PLP_or_review_change,28.96726532501017,61,106,372,1130,0.14087759815242495,0.08576051779935275,0.3652694610778443,0.9142394822006472
expanded_PLP_to_non_PLP_or_review_change,28.726146854172043,61,107,372,1129,0.14087759815242495,0.08656957928802589,0.3630952380952381,0.9134304207119741
expanded_PLP_to_non_PLP_or_review_change,28.380276378611825,62,107,371,1129,0.14318706697459585,0.08656957928802589,0.3668639053254438,0.9134304207119741
expanded_PLP_to_non_PLP_or_review_change,28.337721785219152,63,107,370,1129,0.14549653579676675,0.08656957928802589,0.37058823529411766,0.9134304207119741
expanded_PLP_to_non_PLP_or_review_change,28.24337754555096,63,108,370,1128,0.14549653579676675,0.08737864077669903,0.3684210526315789,0.912621359223301
expanded_PLP_to_non_PLP_or_review_change,27.8574738083988,63,109,370,1127,0.14549653579676675,0.08818770226537216,0.36627906976744184,0.9118122977346278
expanded_PLP_to_non_PLP_or_review_change,27.45657511289576,63,110,370,1126,0.14549653579676675,0.0889967637540453,0.36416184971098264,0.9110032362459547
expanded_PLP_to_non_PLP_or_review_change,27.121044453643453,63,111,370,1125,0.14549653579676675,0.08980582524271845,0.3620689655172414,0.9101941747572816
expanded_PLP_to_non_PLP_or_review_change,27.09110006898996,64,111,369,1125,0.14780600461893764,0.08980582524271845,0.3657142857142857,0.9101941747572816
expanded_PLP_to_non_PLP_or_review_change,27.087163868685213,64,112,369,1124,0.14780600461893764,0.09061488673139159,0.36363636363636365,0.9093851132686084
expanded_PLP_to_non_PLP_or_review_change,26.705369796566423,64,113,369,1123,0.14780600461893764,0.09142394822006472,0.3615819209039548,0.9085760517799353
expanded_PLP_to_non_PLP_or_review_change,26.64638062979012,65,113,368,1123,0.15011547344110854,0.09142394822006472,0.3651685393258427,0.9085760517799353
expanded_PLP_to_non_PLP_or_review_change,26.585088156808343,66,113,367,1123,0.15242494226327943,0.09142394822006472,0.3687150837988827,0.9085760517799353
expanded_PLP_to_non_PLP_or_review_change,26.141016019058497,66,114,367,1122,0.15242494226327943,0.09223300970873786,0.36666666666666664,0.9077669902912622
expanded_PLP_to_non_PLP_or_review_change,26.104119144710968,66,115,367,1121,0.15242494226327943,0.09304207119741101,0.36464088397790057,0.906957928802589
expanded_PLP_to_non_PLP_or_review_change,25.77752545614076,66,116,367,1120,0.15242494226327943,0.09385113268608414,0.3626373626373626,0.9061488673139159
expanded_PLP_to_non_PLP_or_review_change,24.268506130447257,66,117,367,1119,0.15242494226327943,0.09466019417475728,0.36065573770491804,0.9053398058252428
expanded_PLP_to_non_PLP_or_review_change,23.59063221197529,67,117,366,1119,0.15473441108545036,0.09466019417475728,0.3641304347826087,0.9053398058252428
expanded_PLP_to_non_PLP_or_review_change,23.198627869967087,67,118,366,1118,0.15473441108545036,0.09546925566343042,0.3621621621621622,0.9045307443365695
expanded_PLP_to_non_PLP_or_review_change,22.956635106407436,67,119,366,1117,0.15473441108545036,0.09627831715210355,0.3602150537634409,0.9037216828478964
expanded_PLP_to_non_PLP_or_review_change,22.582309459114548,67,120,366,1116,0.15473441108545036,0.0970873786407767,0.3582887700534759,0.9029126213592233
expanded_PLP_to_non_PLP_or_review_change,6.0,71,134,362,1102,0.16397228637413394,0.10841423948220065,0.3463414634146341,0.8915857605177994
expanded_PLP_to_non_PLP_or_review_change,3.0,79,175,354,1061,0.18244803695150116,0.14158576051779936,0.3110236220472441,0.8584142394822006
expanded_PLP_to_non_PLP_or_review_change,2.0,81,176,352,1060,0.18706697459584296,0.1423948220064725,0.3151750972762646,0.8576051779935275
expanded_PLP_to_non_PLP_or_review_change,0.0,433,1236,0,0,1.0,1.0,0.25943678849610546,0.0
expanded_PLP_to_non_PLP_or_review_change,-inf,433,1236,0,0,1.0,1.0,0.25943678849610546,0.0
