variant_key,variant_id,population_query_status,global_af,global_ac,global_an,faf95_popmax,faf95_popmax_population,faf99_popmax,faf99_popmax_population,afr_ac,afr_an,afr_af,amr_ac,amr_an,amr_af,asj_ac,asj_an,asj_af,eas_ac,eas_an,eas_af,fin_ac,fin_an,fin_af,mid_ac,mid_an,mid_af,nfe_ac,nfe_an,nfe_af,sas_ac,sas_an,sas_af,remaining_ac,remaining_an,remaining_af,popmax_population,popmax_af,popmax_ac
15:34793398:C:T,15-34793398-C-T,ok,4.104275971516325e-06,6.0,1461890.0,1.3199999999999999e-06,nfe,,,0.0,33480.0,0.0,1.0,44724.0,2.2359359627940255e-05,0.0,26136.0,0.0,0.0,39700.0,0.0,0.0,53416.0,0.0,0.0,5768.0,0.0,5.0,1112012.0,4.496354355888246e-06,0.0,86258.0,0.0,0.0,60396.0,0.0,amr,2.2359359627940255e-05,1.0
18:31082943:TTGGCAAG:T,18-31082943-TTGGCAAG-T,ok,6.843868099498892e-07,1.0,1461162.0,,,,,0.0,33464.0,0.0,0.0,44710.0,0.0,0.0,26130.0,0.0,0.0,39654.0,0.0,0.0,53400.0,0.0,0.0,5354.0,0.0,1.0,1111898.0,8.99363071073066e-07,0.0,86222.0,0.0,0.0,60330.0,0.0,nfe,8.99363071073066e-07,1.0
18:31541191:A:G,18-31541191-A-G,ok,4.788584015706555e-06,7.0,1461810.0,2.6200000000000003e-06,nfe,,,0.0,33480.0,0.0,0.0,44722.0,0.0,0.0,26136.0,0.0,0.0,39696.0,0.0,0.0,53400.0,0.0,0.0,5768.0,0.0,7.0,1111960.0,6.295190474477499e-06,0.0,86258.0,0.0,0.0,60390.0,0.0,nfe,6.295190474477499e-06,7.0
18:31546371:TG:T,18-31546371-TG-T,error:gnomAD query failed after retries: Expecting value: line 1 column 1 (char 0),,,,,,,,,,,,,,,,,,,,,,,,,,,,,,,,,,,,,
18:31545913:CA:C,18-31545913-CA-C,ok,1.368163117879566e-06,2.0,1461814.0,,,,,1.0,33476.0,2.987214720994145e-05,0.0,44718.0,0.0,0.0,26136.0,0.0,0.0,39700.0,0.0,0.0,53384.0,0.0,0.0,5768.0,0.0,1.0,1112000.0,8.992805755395683e-07,0.0,86240.0,0.0,0.0,60392.0,0.0,afr,2.987214720994145e-05,1.0
18:31524744:T:TA,18-31524744-T-TA,ok,3.420300165542528e-06,5.0,1461860.0,8.4e-07,nfe,,,0.0,33480.0,0.0,0.0,44724.0,0.0,0.0,26134.0,0.0,1.0,39686.0,2.519780275160006e-05,0.0,53420.0,0.0,0.0,5766.0,0.0,4.0,1112000.0,3.5971223021582732e-06,0.0,86256.0,0.0,0.0,60394.0,0.0,eas,2.519780275160006e-05,1.0
18:31545783:T:G,18-31545783-T-G,ok,2.052180099325517e-06,3.0,1461860.0,7.200000000000001e-07,nfe,,,0.0,33480.0,0.0,0.0,44722.0,0.0,0.0,26134.0,0.0,0.0,39694.0,0.0,0.0,53406.0,0.0,0.0,5768.0,0.0,3.0,1112004.0,2.6978320221869704e-06,0.0,86258.0,0.0,0.0,60394.0,0.0,nfe,2.6978320221869704e-06,3.0
6:7542086:G:A,6-7542086-G-A,ok,0.0,0.0,1406092.0,,,,,0.0,31970.0,0.0,0.0,36826.0,0.0,0.0,25250.0,0.0,0.0,36304.0,0.0,0.0,48564.0,0.0,0.0,5704.0,0.0,0.0,1083334.0,0.0,0.0,79802.0,0.0,0.0,58338.0,0.0,,0.0,0.0
6:7580872:ACT:A,6-7580872-ACT-A,ok,1.3681312968242936e-06,2.0,1461848.0,2.999999999999999e-07,nfe,,,0.0,33480.0,0.0,0.0,44724.0,0.0,0.0,26136.0,0.0,0.0,39700.0,0.0,0.0,53380.0,0.0,0.0,5768.0,0.0,2.0,1112008.0,1.7985482118833678e-06,0.0,86256.0,0.0,0.0,60396.0,0.0,nfe,1.7985482118833678e-06,2.0
6:7584439:AAG:A,6-7584439-AAG-A,ok,6.840469310918484e-07,1.0,1461888.0,,,,,0.0,33480.0,0.0,0.0,44722.0,0.0,0.0,26136.0,0.0,0.0,39700.0,0.0,0.0,53420.0,0.0,0.0,5768.0,0.0,1.0,1112008.0,8.992741059416839e-07,0.0,86258.0,0.0,0.0,60396.0,0.0,nfe,8.992741059416839e-07,1.0
6:7579995:C:T,6-7579995-C-T,ok,4.7884333340629995e-06,7.0,1461856.0,2.6200000000000003e-06,nfe,,,0.0,33480.0,0.0,0.0,44724.0,0.0,0.0,26136.0,0.0,0.0,39700.0,0.0,0.0,53382.0,0.0,0.0,5768.0,0.0,7.0,1112012.0,6.2948960982435445e-06,0.0,86258.0,0.0,0.0,60396.0,0.0,nfe,6.2948960982435445e-06,7.0
6:7579922:G:GGAAAATC,6-7579922-G-GGAAAATC,ok,6.156725607053145e-06,9.0,1461816.0,3.81e-06,nfe,,,0.0,33480.0,0.0,0.0,44724.0,0.0,0.0,26136.0,0.0,0.0,39700.0,0.0,0.0,53346.0,0.0,0.0,5768.0,0.0,9.0,1112010.0,8.093452397010819e-06,0.0,86256.0,0.0,0.0,60396.0,0.0,nfe,8.093452397010819e-06,9.0
6:7579697:C:A,6-7579697-C-A,ok,6.842229143517125e-07,1.0,1461512.0,,,,,0.0,33458.0,0.0,0.0,44714.0,0.0,0.0,26136.0,0.0,0.0,39664.0,0.0,0.0,53376.0,0.0,0.0,5768.0,0.0,1.0,1111794.0,8.99447199751033e-07,0.0,86224.0,0.0,0.0,60378.0,0.0,nfe,8.99447199751033e-07,1.0
6:7580542:TGAGAC:T,6-7580542-TGAGAC-T,ok,6.840450594161539e-07,1.0,1461892.0,,,,,0.0,33480.0,0.0,0.0,44724.0,0.0,0.0,26136.0,0.0,0.0,39700.0,0.0,0.0,53418.0,0.0,0.0,5768.0,0.0,1.0,1112012.0,8.992708711776492e-07,0.0,86258.0,0.0,0.0,60396.0,0.0,nfe,8.992708711776492e-07,1.0
6:7580547:C:T,6-7580547-C-T,ok,2.0521351782484616e-06,3.0,1461892.0,7.200000000000001e-07,nfe,,,0.0,33480.0,0.0,0.0,44724.0,0.0,0.0,26136.0,0.0,0.0,39700.0,0.0,0.0,53420.0,0.0,0.0,5768.0,0.0,3.0,1112010.0,2.697817465670273e-06,0.0,86258.0,0.0,0.0,60396.0,0.0,nfe,2.697817465670273e-06,3.0
6:7583763:TAGTC:T,6-7583763-TAGTC-T,ok,1.3680994772491897e-06,2.0,1461882.0,2.999999999999999e-07,nfe,,,0.0,33480.0,0.0,0.0,44724.0,0.0,0.0,26136.0,0.0,0.0,39700.0,0.0,0.0,53408.0,0.0,0.0,5768.0,0.0,2.0,1112012.0,1.7985417423552984e-06,0.0,86258.0,0.0,0.0,60396.0,0.0,nfe,1.7985417423552984e-06,2.0
6:7570444:C:T,6-7570444-C-T,ok,1.3681275532680463e-06,2.0,1461852.0,9.89e-06,afr,,,2.0,33478.0,5.974072525240457e-05,0.0,44724.0,0.0,0.0,26134.0,0.0,0.0,39698.0,0.0,0.0,53402.0,0.0,0.0,5766.0,0.0,0.0,1112000.0,0.0,0.0,86256.0,0.0,0.0,60394.0,0.0,afr,5.974072525240457e-05,2.0
6:7568458:G:T,6-7568458-G-T,ok,6.840937263132548e-07,1.0,1461788.0,,,,,0.0,33480.0,0.0,0.0,44724.0,0.0,0.0,26134.0,0.0,0.0,39684.0,0.0,0.0,53358.0,0.0,0.0,5768.0,0.0,1.0,1111992.0,8.992870452305412e-07,0.0,86256.0,0.0,0.0,60392.0,0.0,nfe,8.992870452305412e-07,1.0
6:7584825:TAGAA:T,6-7584825-TAGAA-T,ok,4.104292816666712e-06,6.0,1461884.0,1.94e-06,nfe,,,0.0,33480.0,0.0,0.0,44724.0,0.0,0.0,26136.0,0.0,0.0,39700.0,0.0,0.0,53412.0,0.0,0.0,5768.0,0.0,6.0,1112010.0,5.395634931340546e-06,0.0,86258.0,0.0,0.0,60396.0,0.0,nfe,5.395634931340546e-06,6.0
7:128856636:CT:C,7-128856636-CT-C,ok,1.3691690513027643e-06,2.0,1460740.0,,,,,0.0,33480.0,0.0,0.0,44722.0,0.0,0.0,26136.0,0.0,0.0,39700.0,0.0,0.0,52300.0,0.0,0.0,5768.0,0.0,1.0,1111994.0,8.992854277990709e-07,0.0,86258.0,0.0,1.0,60382.0,1.6561226855685468e-05,remaining,1.6561226855685468e-05,1.0
7:128841215:A:ACAAGGGGGATGGCTCCTGCGATGTG,7-128841215-A-ACAAGGGGGATGGCTCCTGCGATGTG,ok,1.3681575022916638e-06,2.0,1461820.0,2.999999999999999e-07,nfe,,,0.0,33480.0,0.0,0.0,44718.0,0.0,0.0,26128.0,0.0,0.0,39700.0,0.0,0.0,53384.0,0.0,0.0,5768.0,0.0,2.0,1111994.0,1.7985708555981417e-06,0.0,86258.0,0.0,0.0,60390.0,0.0,nfe,1.7985708555981417e-06,2.0
7:128855315:G:T,7-128855315-G-T,ok,6.891570781945187e-07,1.0,1451048.0,,,,,0.0,33090.0,0.0,0.0,44708.0,0.0,0.0,26072.0,0.0,0.0,39634.0,0.0,1.0,52844.0,1.892362425251684e-05,0.0,5758.0,0.0,0.0,1102900.0,0.0,0.0,86024.0,0.0,0.0,60018.0,0.0,fin,1.892362425251684e-05,1.0
1:156114961:C:T,1-156114961-C-T,ok,0.0,0.0,1431568.0,,,,,0.0,32690.0,0.0,0.0,41422.0,0.0,0.0,25570.0,0.0,0.0,37778.0,0.0,0.0,50518.0,0.0,0.0,5014.0,0.0,0.0,1097446.0,0.0,0.0,82080.0,0.0,0.0,59050.0,0.0,,0.0,0.0
1:156136952:G:A,1-156136952-G-A,ok,2.0522109837068127e-06,3.0,1461838.0,2.999999999999999e-07,nfe,,,0.0,33480.0,0.0,0.0,44714.0,0.0,0.0,26136.0,0.0,0.0,39698.0,0.0,1.0,53418.0,1.8720281553034556e-05,0.0,5768.0,0.0,2.0,1111980.0,1.7985934998830914e-06,0.0,86248.0,0.0,0.0,60396.0,0.0,fin,1.8720281553034556e-05,1.0
1:156130615:A:G,1-156130615-A-G,ok,6.842266596601857e-07,1.0,1461504.0,,,,,0.0,33468.0,0.0,0.0,44724.0,0.0,0.0,26136.0,0.0,0.0,39698.0,0.0,0.0,53404.0,0.0,0.0,5578.0,0.0,1.0,1111890.0,8.993695419510923e-07,0.0,86242.0,0.0,0.0,60364.0,0.0,nfe,8.993695419510923e-07,1.0
1:156136998:G:T,1-156136998-G-T,ok,6.840469310918484e-07,1.0,1461888.0,,,,,0.0,33480.0,0.0,1.0,44720.0,2.2361359570661896e-05,0.0,26136.0,0.0,0.0,39700.0,0.0,0.0,53420.0,0.0,0.0,5768.0,0.0,0.0,1112010.0,0.0,0.0,86258.0,0.0,0.0,60396.0,0.0,amr,2.2361359570661896e-05,1.0
1:156134795:A:G,1-156134795-A-G,ok,6.840534820374396e-07,1.0,1461874.0,,,,,0.0,33480.0,0.0,0.0,44724.0,0.0,0.0,26136.0,0.0,0.0,39700.0,0.0,0.0,53406.0,0.0,0.0,5768.0,0.0,1.0,1112010.0,8.992724885567576e-07,0.0,86256.0,0.0,0.0,60394.0,0.0,nfe,8.992724885567576e-07,1.0
1:156115010:A:G,1-156115010-A-G,ok,0.0,0.0,1448660.0,,,,,0.0,33138.0,0.0,0.0,43228.0,0.0,0.0,25808.0,0.0,0.0,38960.0,0.0,0.0,52052.0,0.0,0.0,5690.0,0.0,0.0,1106038.0,0.0,0.0,83926.0,0.0,0.0,59820.0,0.0,,0.0,0.0
11:47351238:C:T,11-47351238-C-T,ok,8.287187510876934e-07,1.0,1206682.0,,,,,0.0,26270.0,0.0,0.0,30546.0,0.0,0.0,17560.0,0.0,1.0,22620.0,4.420866489832007e-05,0.0,32116.0,0.0,0.0,4456.0,0.0,0.0,952054.0,0.0,0.0,75584.0,0.0,0.0,45476.0,0.0,eas,4.420866489832007e-05,1.0
11:47333578:TG:T,11-47333578-TG-T,ok,6.903521900732878e-07,1.0,1448536.0,,,,,0.0,33476.0,0.0,0.0,44708.0,0.0,0.0,26126.0,0.0,1.0,39696.0,2.5191455058444177e-05,0.0,40448.0,0.0,0.0,5764.0,0.0,0.0,1111776.0,0.0,0.0,86258.0,0.0,0.0,60284.0,0.0,eas,2.5191455058444177e-05,1.0
11:47333316:G:A,11-47333316-G-A,ok,0.0,0.0,1431604.0,,,,,0.0,32862.0,0.0,0.0,40890.0,0.0,0.0,25376.0,0.0,0.0,38272.0,0.0,0.0,51416.0,0.0,0.0,5706.0,0.0,0.0,1095592.0,0.0,0.0,82312.0,0.0,0.0,59178.0,0.0,,0.0,0.0
11:47347469:C:A,11-47347469-C-A,ok,1.384765365356494e-06,2.0,1444288.0,,,,,0.0,33192.0,0.0,0.0,41734.0,0.0,0.0,25722.0,0.0,1.0,39066.0,2.5597706445502485e-05,0.0,52322.0,0.0,0.0,5760.0,0.0,1.0,1103850.0,9.059201884313992e-07,0.0,82786.0,0.0,0.0,59856.0,0.0,eas,2.5597706445502485e-05,1.0
11:47343505:G:A,11-47343505-G-A,ok,2.0787744654431464e-06,3.0,1443158.0,7.200000000000001e-07,nfe,,,0.0,33122.0,0.0,0.0,42312.0,0.0,0.0,25672.0,0.0,0.0,38832.0,0.0,0.0,51508.0,0.0,0.0,5696.0,0.0,3.0,1103150.0,2.719485110819018e-06,0.0,83152.0,0.0,0.0,59714.0,0.0,nfe,2.719485110819018e-06,3.0
11:47342102:TC:T,11-47342102-TC-T,ok,6.8415269740884e-07,1.0,1461662.0,,,,,0.0,33480.0,0.0,0.0,44716.0,0.0,0.0,26130.0,0.0,0.0,39700.0,0.0,0.0,53398.0,0.0,0.0,5768.0,0.0,1.0,1111856.0,8.993970442215538e-07,0.0,86244.0,0.0,0.0,60370.0,0.0,nfe,8.993970442215538e-07,1.0
11:47332194:CTG:C,11-47332194-CTG-C,ok,6.842210417128516e-07,1.0,1461516.0,,,,,0.0,33480.0,0.0,0.0,44724.0,0.0,0.0,26136.0,0.0,0.0,39700.0,0.0,0.0,53216.0,0.0,0.0,5768.0,0.0,1.0,1111866.0,8.993889551438753e-07,0.0,86258.0,0.0,0.0,60368.0,0.0,nfe,8.993889551438753e-07,1.0
11:47343147:T:C,11-47343147-T-C,ok,1.3716913091010346e-06,2.0,1458054.0,,,,,0.0,33396.0,0.0,0.0,44260.0,0.0,0.0,26048.0,0.0,0.0,39568.0,0.0,0.0,52838.0,0.0,0.0,5762.0,0.0,1.0,1110292.0,9.006639694782994e-07,0.0,85642.0,0.0,1.0,60248.0,1.6598061346434737e-05,remaining,1.6598061346434737e-05,1.0
11:47346217:C:G,11-47346217-C-G,ok,3.420969448006054e-06,5.0,1461574.0,8.4e-07,nfe,,,0.0,33476.0,0.0,0.0,44706.0,0.0,0.0,26130.0,0.0,0.0,39700.0,0.0,0.0,53388.0,0.0,0.0,5744.0,0.0,4.0,1111820.0,3.5977046644240974e-06,0.0,86248.0,0.0,1.0,60362.0,1.6566714157913918e-05,remaining,1.6566714157913918e-05,1.0
11:47343490:A:C,11-47343490-A-C,ok,1.0733237545151152e-05,15.0,1397528.0,9.4e-06,eas,,,0.0,31716.0,0.0,1.0,38330.0,2.6089225150013044e-05,0.0,24538.0,0.0,2.0,35250.0,5.673758865248227e-05,7.0,44946.0,0.00015574244649134517,0.0,5312.0,0.0,4.0,1079144.0,3.7066415603478313e-06,1.0,81028.0,1.2341412844942488e-05,0.0,57264.0,0.0,fin,0.00015574244649134517,7.0
11:47336003:TG:T,11-47336003-TG-T,ok,1.4635866948260747e-05,20.0,1366506.0,2.307e-05,amr,,,1.0,30180.0,3.313452617627568e-05,3.0,34460.0,8.705745792222868e-05,0.0,21490.0,0.0,0.0,36156.0,0.0,1.0,50256.0,1.9898121617319326e-05,0.0,3802.0,0.0,12.0,1063294.0,1.1285683921850401e-05,2.0,70688.0,2.8293345405160706e-05,1.0,56180.0,1.7799928800284798e-05,amr,8.705745792222868e-05,3.0
11:47348494:A:AGTGAAGGCAGGCTGGGCATCGGTGAT,11-47348494-A-AGTGAAGGCAGGCTGGGCATCGGTGAT,ok,6.843249886744215e-07,1.0,1461294.0,,,,,0.0,33476.0,0.0,0.0,44674.0,0.0,0.0,26132.0,0.0,0.0,39694.0,0.0,0.0,53340.0,0.0,0.0,5768.0,0.0,1.0,1111690.0,8.995313441696876e-07,0.0,86160.0,0.0,0.0,60360.0,0.0,nfe,8.995313441696876e-07,1.0
11:47347650:C:T,11-47347650-C-T,ok,0.0,0.0,1421768.0,,,,,0.0,32708.0,0.0,0.0,38728.0,0.0,0.0,25256.0,0.0,0.0,37748.0,0.0,0.0,50104.0,0.0,0.0,5448.0,0.0,0.0,1091980.0,0.0,0.0,80874.0,0.0,0.0,58922.0,0.0,,0.0,0.0
11:47351294:G:GT,11-47351294-G-GT,ok,7.050097996362149e-07,1.0,1418420.0,,,,,0.0,32308.0,0.0,0.0,38720.0,0.0,0.0,25364.0,0.0,0.0,37124.0,0.0,0.0,50570.0,0.0,0.0,5694.0,0.0,1.0,1088818.0,9.184271384198277e-07,0.0,81082.0,0.0,0.0,58740.0,0.0,nfe,9.184271384198277e-07,1.0
11:47339323:C:A,11-47339323-C-A,ok,1.3682979058200552e-06,2.0,1461670.0,2.999999999999999e-07,nfe,,,0.0,33476.0,0.0,0.0,44722.0,0.0,0.0,26136.0,0.0,0.0,39698.0,0.0,0.0,53402.0,0.0,0.0,5768.0,0.0,2.0,1111838.0,1.7988232098561121e-06,0.0,86256.0,0.0,0.0,60374.0,0.0,nfe,1.7988232098561121e-06,2.0
11:47337452:G:C,11-47337452-G-C,ok,6.844908072884581e-07,1.0,1460940.0,,,,,0.0,33480.0,0.0,0.0,44716.0,0.0,0.0,26124.0,0.0,0.0,39698.0,0.0,0.0,52780.0,0.0,0.0,5766.0,0.0,1.0,1111760.0,8.994747067712456e-07,0.0,86254.0,0.0,0.0,60362.0,0.0,nfe,8.994747067712456e-07,1.0
11:47335041:C:G,11-47335041-C-G,ok,7.245169283380306e-07,1.0,1380230.0,,,,,0.0,31138.0,0.0,0.0,38092.0,0.0,0.0,22106.0,0.0,0.0,37012.0,0.0,0.0,50804.0,0.0,0.0,5476.0,0.0,1.0,1065178.0,9.388102270230891e-07,0.0,73520.0,0.0,0.0,56904.0,0.0,nfe,9.388102270230891e-07,1.0
11:47349924:T:G,11-47349924-T-G,ok,0.0,0.0,1448094.0,,,,,0.0,33182.0,0.0,0.0,42650.0,0.0,0.0,25762.0,0.0,0.0,38978.0,0.0,0.0,52204.0,0.0,0.0,5716.0,0.0,0.0,1105808.0,0.0,0.0,83924.0,0.0,0.0,59870.0,0.0,,0.0,0.0
11:47348486:T:G,11-47348486-T-G,ok,5.474704810759985e-06,8.0,1461266.0,3.1e-06,nfe,,,0.0,33470.0,0.0,0.0,44668.0,0.0,0.0,26128.0,0.0,0.0,39690.0,0.0,0.0,53328.0,0.0,0.0,5768.0,0.0,8.0,1111680.0,7.196315486470927e-06,0.0,86170.0,0.0,0.0,60364.0,0.0,nfe,7.196315486470927e-06,8.0
11:47347856:C:T,11-47347856-C-T,ok,4.95502956736929e-06,7.0,1412706.0,4.15e-06,sas,,,0.0,32202.0,0.0,1.0,37198.0,2.6883165761600087e-05,0.0,25328.0,0.0,0.0,36722.0,0.0,0.0,49944.0,0.0,0.0,5594.0,0.0,4.0,1087200.0,3.679175864606328e-06,2.0,79936.0,2.5020016012810247e-05,0.0,58582.0,0.0,amr,2.6883165761600087e-05,1.0
11:47350590:AG:A,11-47350590-AG-A,ok,0.0,0.0,1366878.0,,,,,0.0,28572.0,0.0,0.0,22202.0,0.0,0.0,23034.0,0.0,0.0,35408.0,0.0,0.0,49006.0,0.0,0.0,5004.0,0.0,0.0,1074214.0,0.0,0.0,73022.0,0.0,0.0,56416.0,0.0,,0.0,0.0
11:47347425:C:A,11-47347425-C-A,ok,0.0,0.0,1431708.0,,,,,0.0,32826.0,0.0,0.0,39866.0,0.0,0.0,25552.0,0.0,0.0,38196.0,0.0,0.0,51430.0,0.0,0.0,5746.0,0.0,0.0,1097330.0,0.0,0.0,81306.0,0.0,0.0,59456.0,0.0,,0.0,0.0
11:47332126:T:TGCAGACATAGATGCCCCC,11-47332126-T-TGCAGACATAGATGCCCCC,ok,1.3686537237646188e-06,2.0,1461290.0,2.999999999999999e-07,nfe,,,0.0,33478.0,0.0,0.0,44722.0,0.0,0.0,26134.0,0.0,0.0,39700.0,0.0,0.0,53024.0,0.0,0.0,5768.0,0.0,2.0,1111844.0,1.7988135026136761e-06,0.0,86256.0,0.0,0.0,60364.0,0.0,nfe,1.7988135026136761e-06,2.0
14:23427238:A:C,14-23427238-A-C,ok,6.842781618098884e-07,1.0,1461394.0,,,,,0.0,33468.0,0.0,0.0,44724.0,0.0,0.0,26136.0,0.0,0.0,39700.0,0.0,0.0,53410.0,0.0,0.0,5386.0,0.0,1.0,1112000.0,8.992805755395683e-07,0.0,86222.0,0.0,0.0,60348.0,0.0,nfe,8.992805755395683e-07,1.0
14:23431678:C:T,14-23431678-C-T,ok,6.840488027777854e-07,1.0,1461884.0,,,,,0.0,33480.0,0.0,0.0,44720.0,0.0,0.0,26136.0,0.0,0.0,39700.0,0.0,0.0,53418.0,0.0,0.0,5768.0,0.0,0.0,1112008.0,0.0,1.0,86258.0,1.15931275939623e-05,0.0,60396.0,0.0,sas,1.15931275939623e-05,1.0
14:23427657:C:T,14-23427657-C-T,ok,4.788335068534756e-06,7.0,1461886.0,1.3199999999999999e-06,nfe,,,0.0,33480.0,0.0,0.0,44724.0,0.0,0.0,26136.0,0.0,0.0,39700.0,0.0,1.0,53414.0,1.8721683453776164e-05,0.0,5768.0,0.0,5.0,1112012.0,4.496354355888246e-06,0.0,86256.0,0.0,1.0,60396.0,1.6557387906483872e-05,fin,1.8721683453776164e-05,1.0
14:23431805:C:T,14-23431805-C-T,ok,6.840459952527208e-07,1.0,1461890.0,,,,,0.0,33480.0,0.0,0.0,44724.0,0.0,0.0,26136.0,0.0,0.0,39700.0,0.0,0.0,53420.0,0.0,0.0,5768.0,0.0,1.0,1112008.0,8.992741059416839e-07,0.0,86258.0,0.0,0.0,60396.0,0.0,nfe,8.992741059416839e-07,1.0
14:23424817:C:A,14-23424817-C-A,ok,6.840459952527208e-06,10.0,1461890.0,4.55e-06,nfe,,,0.0,33480.0,0.0,0.0,44724.0,0.0,0.0,26136.0,0.0,0.0,39700.0,0.0,0.0,53416.0,0.0,0.0,5768.0,0.0,10.0,1112012.0,8.992708711776491e-06,0.0,86258.0,0.0,0.0,60396.0,0.0,nfe,8.992708711776491e-06,10.0
14:23429807:C:T,14-23429807-C-T,ok,6.844673817069247e-07,1.0,1460990.0,,,,,0.0,33452.0,0.0,0.0,44724.0,0.0,0.0,26136.0,0.0,0.0,39700.0,0.0,0.0,53364.0,0.0,0.0,5080.0,0.0,1.0,1112000.0,8.992805755395683e-07,0.0,86212.0,0.0,0.0,60322.0,0.0,nfe,8.992805755395683e-07,1.0
14:23417598:G:A,14-23417598-G-A,ok,1.3010080758364455e-05,19.0,1460406.0,8.52e-06,nfe,,,0.0,33434.0,0.0,0.0,44724.0,0.0,0.0,26136.0,0.0,1.0,39700.0,2.5188916876574308e-05,0.0,53416.0,0.0,0.0,4528.0,0.0,16.0,1112006.0,1.438841157331885e-05,2.0,86186.0,2.3205625043510546e-05,0.0,60276.0,0.0,eas,2.5188916876574308e-05,1.0
12:32877914:GCCGA:G,12-32877914-GCCGA-G,ok,6.840768792960028e-07,1.0,1461824.0,,,,,0.0,33478.0,0.0,0.0,44722.0,0.0,0.0,26134.0,0.0,0.0,39700.0,0.0,0.0,53408.0,0.0,0.0,5768.0,0.0,1.0,1111964.0,8.993096898820465e-07,0.0,86258.0,0.0,0.0,60392.0,0.0,nfe,8.993096898820465e-07,1.0
12:32877908:C:CA,12-32877908-C-CA,ok,6.840712638079785e-07,1.0,1461836.0,,,,,0.0,33480.0,0.0,0.0,44722.0,0.0,0.0,26136.0,0.0,0.0,39698.0,0.0,0.0,53406.0,0.0,0.0,5768.0,0.0,1.0,1111980.0,8.992967499415457e-07,0.0,86254.0,0.0,0.0,60392.0,0.0,nfe,8.992967499415457e-07,1.0
12:32822487:G:A,12-32822487-G-A,ok,2.7365845782512676e-06,4.0,1461676.0,2.999999999999999e-07,nfe,,,0.0,33480.0,0.0,0.0,44724.0,0.0,0.0,26136.0,0.0,1.0,39698.0,2.519018590357197e-05,0.0,53298.0,0.0,0.0,5764.0,0.0,2.0,1111962.0,1.7986226148015849e-06,1.0,86224.0,1.1597699016515123e-05,0.0,60390.0,0.0,eas,2.519018590357197e-05,1.0
12:32841103:C:T,12-32841103-C-T,ok,2.7381094175904364e-06,4.0,1460862.0,,,,,0.0,33464.0,0.0,0.0,44720.0,0.0,4.0,26128.0,0.00015309246785058175,0.0,39694.0,0.0,0.0,53410.0,0.0,0.0,5764.0,0.0,0.0,1111082.0,0.0,0.0,86240.0,0.0,0.0,60360.0,0.0,asj,0.00015309246785058175,4.0
12:32821473:C:T,12-32821473-C-T,ok,6.840909184194216e-07,1.0,1461794.0,,,,,1.0,33478.0,2.9870362626202283e-05,0.0,44724.0,0.0,0.0,26132.0,0.0,0.0,39698.0,0.0,0.0,53416.0,0.0,0.0,5768.0,0.0,0.0,1111930.0,0.0,0.0,86256.0,0.0,0.0,60392.0,0.0,afr,2.9870362626202283e-05,1.0
12:32822594:G:A,12-32822594-G-A,ok,6.840853027009056e-07,1.0,1461806.0,,,,,0.0,33478.0,0.0,0.0,44724.0,0.0,0.0,26134.0,0.0,0.0,39696.0,0.0,0.0,53402.0,0.0,0.0,5768.0,0.0,1.0,1111954.0,8.993177775339627e-07,0.0,86256.0,0.0,0.0,60394.0,0.0,nfe,8.993177775339627e-07,1.0
12:32822536:GT:G,12-32822536-GT-G,ok,1.3682174042726693e-06,2.0,1461756.0,2.999999999999999e-07,nfe,,,0.0,33480.0,0.0,0.0,44724.0,0.0,0.0,26136.0,0.0,0.0,39698.0,0.0,0.0,53406.0,0.0,0.0,5768.0,0.0,2.0,1111896.0,1.7987293775676861e-06,0.0,86258.0,0.0,0.0,60390.0,0.0,nfe,1.7987293775676861e-06,2.0
12:32868959:C:A,12-32868959-C-A,ok,6.843118765063415e-07,1.0,1461322.0,,,,,0.0,33464.0,0.0,0.0,44724.0,0.0,0.0,26136.0,0.0,0.0,39698.0,0.0,0.0,53350.0,0.0,0.0,5444.0,0.0,1.0,1111928.0,8.993388061097481e-07,0.0,86230.0,0.0,0.0,60348.0,0.0,nfe,8.993388061097481e-07,1.0
12:32896578:TGA:T,12-32896578-TGA-T,ok,6.95263310120809e-07,1.0,1438304.0,,,,,0.0,32710.0,0.0,1.0,44114.0,2.2668540599356215e-05,0.0,25890.0,0.0,0.0,39112.0,0.0,0.0,38548.0,0.0,0.0,4518.0,0.0,0.0,1108914.0,0.0,0.0,84762.0,0.0,0.0,59736.0,0.0,amr,2.2668540599356215e-05,1.0
12:32877892:CA:C,12-32877892-CA-C,ok,2.0521969452364406e-06,3.0,1461848.0,2.999999999999999e-07,nfe,,,0.0,33478.0,0.0,1.0,44720.0,2.2361359570661896e-05,0.0,26132.0,0.0,0.0,39694.0,0.0,0.0,53416.0,0.0,0.0,5768.0,0.0,2.0,1111990.0,1.7985773253356595e-06,0.0,86256.0,0.0,0.0,60394.0,0.0,amr,2.2361359570661896e-05,1.0
6:118559037:T:G,6-118559037-T-G,ok,2.05653271326587e-05,30.0,1458766.0,1.75e-05,nfe,,,0.0,33430.0,0.0,0.0,44722.0,0.0,0.0,26112.0,0.0,0.0,39676.0,0.0,0.0,53418.0,0.0,0.0,5766.0,0.0,28.0,1109158.0,2.524437456160439e-05,0.0,86192.0,0.0,2.0,60292.0,3.317189676905725e-05,remaining,3.317189676905725e-05,2.0
19:55154145:C:T,19-55154145-C-T,ok,1.1634559844069523e-05,17.0,1461164.0,2.004e-05,eas,,,1.0,33478.0,2.9870362626202283e-05,2.0,44722.0,4.4720719109163274e-05,0.0,26136.0,0.0,3.0,39698.0,7.55705577107159e-05,0.0,52728.0,0.0,0.0,5752.0,0.0,8.0,1112002.0,7.194231665050962e-06,0.0,86256.0,0.0,3.0,60392.0,4.9675453702477146e-05,eas,7.55705577107159e-05,3.0
1:201365242:A:C,1-201365242-A-C,ok,6.840469310918484e-07,1.0,1461888.0,,,,,0.0,33480.0,0.0,0.0,44724.0,0.0,0.0,26136.0,0.0,0.0,39700.0,0.0,1.0,53420.0,1.8719580681392735e-05,0.0,5768.0,0.0,0.0,1112006.0,0.0,0.0,86258.0,0.0,0.0,60396.0,0.0,fin,1.8719580681392735e-05,1.0
1:201365298:G:A,1-201365298-G-A,ok,4.105067843087887e-06,6.0,1461608.0,9.9e-06,afr,,,2.0,33470.0,5.9755004481625337e-05,0.0,44724.0,0.0,0.0,26134.0,0.0,0.0,39700.0,0.0,0.0,53394.0,0.0,0.0,5764.0,0.0,2.0,1111782.0,1.798913815837997e-06,2.0,86256.0,2.3186792802819512e-05,0.0,60384.0,0.0,afr,5.9755004481625337e-05,2.0
1:201365291:C:T,1-201365291-C-T,ok,1.368213660245184e-06,2.0,1461760.0,,,,,0.0,33476.0,0.0,0.0,44722.0,0.0,0.0,26136.0,0.0,0.0,39700.0,0.0,0.0,53398.0,0.0,0.0,5766.0,0.0,1.0,1111914.0,8.993501295963537e-07,0.0,86254.0,0.0,1.0,60394.0,1.6557936218829686e-05,remaining,1.6557936218829686e-05,1.0
15:63042945:T:C,15-63042945-T-C,ok,3.4710507425965957e-06,5.0,1440486.0,1.3299999999999998e-06,nfe,,,0.0,33094.0,0.0,0.0,41002.0,0.0,0.0,25772.0,0.0,0.0,38794.0,0.0,0.0,51226.0,0.0,0.0,5730.0,0.0,5.0,1101594.0,4.538877299622184e-06,0.0,83606.0,0.0,0.0,59668.0,0.0,nfe,4.538877299622184e-06,5.0
15:63062261:C:T,15-63062261-C-T,ok,2.052194137565414e-06,3.0,1461850.0,7.200000000000001e-07,nfe,,,0.0,33480.0,0.0,0.0,44724.0,0.0,0.0,26134.0,0.0,0.0,39698.0,0.0,0.0,53416.0,0.0,0.0,5768.0,0.0,3.0,1111978.0,2.6978951022412314e-06,0.0,86258.0,0.0,0.0,60394.0,0.0,nfe,2.6978951022412314e-06,3.0
